episode_id,step,action,action_valid,history_valid,o_t,o_t_1,delta_1,delta_2,delta_3,delta_4,slope_5,std_5,var_5,range_5,delta_3_bin,noise_bin,reward,done
0,0,RUN,True,False,,,,,,,,,,,,,1.0,True
1,0,RUN,True,False,,,,,,,,,,,,,0.0,False
1,1,TUMBLE,True,True,-0.03753312397463868,-0.03753312397463868,0.0,,,,-0.21856902370697856,0.1092845118534893,0.011943104531055442,0.2185690237069786,,Q3,0.0,False
1,2,RUN,True,True,0.0021923505297000018,-0.03753312397463868,0.03972547450433868,-0.06955903734915062,,,-0.08942177460131999,0.09506462511845631,0.009037282948912635,0.2185690237069786,,Q3,0.0,False
1,3,RUN,True,True,-0.08008238455838652,-0.03753312397463868,-0.04254926058374785,-0.062411997835917186,-0.12864742665418694,,-0.0743629378367841,0.09940380920178085,0.009881117283824051,0.2611182842907264,"(-0.2,0.2]",Q3,0.0,False
1,4,TUMBLE,True,True,-0.0913784305942747,-0.03753312397463868,-0.05384530661963602,-0.052433413579931434,-0.0529040445931663,-0.10778161602652837,-0.058737792123697716,0.0988109007528301,0.009763594107585639,0.2724143303266146,"(-0.2,0.2]",Q3,0.0,False
1,5,TUMBLE,True,True,-0.0283983449561281,0.0021923505297000018,-0.0305906954858281,0.057332062620202504,0.028024476584858973,0.023302052193271874,-0.007530122308695351,0.03440759200549288,0.0011838823876164574,0.0935707811239747,"(-0.2,0.2]",Q1,0.0,False
1,6,TUMBLE,True,True,-0.04527456488318959,-0.08008238455838652,0.03480781967519694,0.01461382289201181,0.02134515515307351,0.0041421375115827455,-0.004324979122352081,0.034117919724860724,0.0011640324463520404,0.0935707811239747,"(-0.2,0.2]",Q1,0.0,False
1,7,TUMBLE,True,True,-0.15466623910464677,-0.0913784305942747,-0.06328780851037208,-0.11782978418498793,-0.09964912562678266,-0.09338280785665205,-0.01030638433814354,0.043756374110482464,0.0019146202752965001,0.1262678941485187,"(-0.2,0.2]",Q1,0.0,False
1,8,TUMBLE,True,True,0.04373354368460187,-0.0283983449561281,0.07213188864072997,0.14370394567852005,0.11984659333259001,0.12366293856916166,0.014395605440923437,0.06604104867771023,0.004361420110451692,0.19839978278924864,"(-0.2,0.2]",Q2,0.0,False
1,9,TUMBLE,True,True,0.11593935921754589,-0.04527456488318959,0.16121392410073548,0.17140570692756835,0.16800844598529072,0.16209076053238652,0.037768351691513935,0.09076281719986243,0.008237888986055642,0.27060559832219266,"(-0.2,0.2]",Q2,0.0,False
1,10,RUN,True,True,-0.04793646976117209,-0.15466623910464677,0.10672976934347468,-0.12777292121224598,-0.04960535769367242,-0.03786949448974994,0.026528178856622762,0.09172556080939673,0.008413578505798337,0.27060559832219266,"(-0.2,0.2]",Q2,0.0,False
1,11,TUMBLE,True,True,0.04234046234924216,0.04373354368460187,-0.0013930813353597096,0.00833901762105526,0.005094984635583603,0.05307291384015994,0.030234338946200402,0.09313082604347078,0.008673350759539216,0.27060559832219266,"(-0.2,0.2]",Q2,0.0,False
1,12,TUMBLE,True,True,0.039966082682982164,0.11593935921754589,-0.07597327653456373,0.04276408638894713,0.003184965414443512,0.0014468588104277133,-0.008113381887154313,0.051984478517067875,0.0027023860066914913,0.163875828978718,"(-0.2,0.2]",Q1,0.0,False
1,13,TUMBLE,True,True,0.06402028427627034,-0.04793646976117209,0.11195675403744243,0.02286701176015818,0.052563592519252925,0.026442925654120805,-0.001593559743839698,0.0529924405845936,0.002808198759111683,0.163875828978718,"(-0.2,0.2]",Q1,0.0,False
1,14,TUMBLE,True,True,0.03306567261448201,0.04234046234924216,-0.009274789734760147,-0.018927510865144243,-0.01570993715501621,0.008468082727651371,0.018368410667833648,0.03853233830447309,0.0014847410952103643,0.11195675403744243,"(-0.2,0.2]",Q1,0.0,False
1,15,TUMBLE,True,True,0.25740048774711255,0.039966082682982164,0.2174344050641304,0.20885750930173638,0.2117164745558677,0.21255236226636837,0.042321964072724046,0.08564966543857323,0.007335865189739526,0.22433481513263054,"(0.2,1]",Q2,0.0,False
1,16,RUN,True,True,0.5372039031114562,0.06402028427627034,0.47318361883518584,0.3919708229306589,0.41904175489883455,0.4385907712812444,0.11878558443277899,0.19392551508594608,0.0376071054013495,0.5041382304969741,"(0.2,1]",Q4,0.0,False
1,17,TUMBLE,True,True,0.5779981285263305,0.03306567261448201,0.5449324559118485,0.18069593309704612,0.3021081073686469,0.35507554158900023,0.15320939189970942,0.22896286739790275,0.0524239946470696,0.5449324559118485,"(0.2,1]",Q4,1.0,True
2,0,TUMBLE,True,False,,,,,,,,,,,,,0.0,False
2,1,TUMBLE,True,True,0.22074398724107763,0.22074398724107763,0.0,,,,0.21826117073887769,0.10913058536943886,0.011909484663076382,0.2182611707388777,,Q3,0.0,False
2,2,TUMBLE,True,True,0.2606344583632201,0.22074398724107763,0.039890471122142446,0.14902105649158132,,,0.1290758209305101,0.1134663232144197,0.012874606503799159,0.25815164186102013,,Q3,0.0,False
2,3,RUN,True,True,0.07795543777155867,0.22074398724107763,-0.14278854946951897,-0.1627337850305902,-0.08333164959727388,,0.026630833493021876,0.10468039737678875,0.0109579855949624,0.25815164186102013,"(-0.2,0.2]",Q3,0.0,False
2,4,TUMBLE,True,True,-0.06972922599862168,0.22074398724107763,-0.2904732132396993,-0.23902417406601106,-0.2561738537905738,-0.21018340096813576,-0.028721263447116188,0.12583607750869805,0.01583471840277506,0.33036368436184177,"(-1,-0.2]",Q4,0.0,False
2,5,TUMBLE,True,True,0.11668387753201968,0.2606344583632201,-0.14395058083120038,0.11257077164555118,0.02706365415330067,-0.005717286812288974,-0.05384839037799576,0.11635756424859167,0.01353908275786514,0.33036368436184177,"(-0.2,0.2]",Q3,0.0,False
2,6,RUN,True,True,0.08704172560793572,0.07795543777155867,0.00908628783637705,0.06356439984123671,0.04540502917295016,-0.009344411309108472,-0.03084570257501078,0.10525527849730384,0.011078673651544992,0.33036368436184177,"(-0.2,0.2]",Q3,0.0,False
2,7,RUN,True,True,-0.0012111927849111914,-0.06972922599862168,0.06851803321371049,-0.1030739943548889,-0.045876651832022435,-0.05419914651313429,-0.00015623095063823595,0.06819054118310143,0.004649949906844252,0.18641310353064136,"(-0.2,0.2]",Q2,0.0,False
2,8,RUN,True,True,0.09948721428094126,0.11668387753201968,-0.017196663251078423,0.056571947869429,0.03198241082925986,0.06629091819183563,0.022053781024219506,0.07094030390500826,0.00503252671813493,0.18641310353064136,"(-0.2,0.2]",Q2,0.0,False
2,9,TUMBLE,True,True,0.054511246646111386,0.08704172560793572,-0.03253047896182433,0.005373235898096351,-0.0072613357218772115,-0.020989159512884978,-0.011189977309881107,0.041573435265830225,0.0017283505198021762,0.11789507031693088,"(-0.2,0.2]",Q1,0.0,False
2,10,TUMBLE,True,True,0.17338185386830632,-0.0012111927849111914,0.1745930466532175,0.09638262340477999,0.12245276448759251,0.11342460543078703,0.022840269595176366,0.05720058939202401,0.0032719074267949294,0.1745930466532175,"(-0.2,0.2]",Q1,0.0,False
2,11,TUMBLE,True,True,-0.032273094715088976,0.09948721428094126,-0.13176030899603025,-0.14621964497229784,-0.14139986631354198,-0.11381537521770092,0.0011770835727009624,0.07307324233337167,0.005339698745111662,0.20565494858339528,"(-0.2,0.2]",Q2,0.0,False
2,12,TUMBLE,True,True,0.07410854453256516,0.054511246646111386,0.01959729788645377,0.003554164955956479,0.008901875932788919,0.000331739512497653,-0.01375416808579526,0.06663335788417396,0.004440004382920408,0.20565494858339528,"(-0.2,0.2]",Q2,0.0,False
2,13,TUMBLE,True,True,0.07767905868917856,0.17338185386830632,-0.09570279517912776,0.056761333780440466,0.005939957460584386,0.010246921106205092,-0.0052937685249606885,0.06551640874565301,0.0042923998149274785,0.20565494858339528,"(-0.2,0.2]",Q2,0.0,False
2,14,TUMBLE,True,True,-0.16164466830615415,-0.032273094715088976,-0.12937157359106516,-0.237538469917026,-0.2014828378083724,-0.23486875889989442,-0.05601008909446534,0.11429132056065512,0.013062505955498429,0.3350265221744605,"(-1,-0.2]",Q3,0.0,False
2,15,TUMBLE,True,True,0.0020857226115451044,0.07410854453256516,-0.07202282192102005,0.0440685274200329,0.005371410973015245,0.012618262561419957,-0.0167035578185451,0.08761313008304182,0.007676060562948008,0.23932372699533272,"(-0.2,0.2]",Q2,0.0,False
2,16,TUMBLE,True,True,0.04640433778970755,0.07767905868917856,-0.031274720899471004,0.12618381063701206,0.07369763345818438,0.04834717340792388,-0.013100174956334873,0.08889805674193559,0.007902864492492398,0.23932372699533272,"(-0.2,0.2]",Q2,0.0,False
2,17,RUN,True,True,0.1375860905725536,-0.16164466830615415,0.29923075887870776,0.11334106037192729,0.17530429320752078,0.14645497787648434,0.03278630698626116,0.10115865513435711,0.010233073508591794,0.29923075887870776,"(-0.2,0.2]",Q3,0.0,False
2,18,RUN,True,True,-0.004420722562575037,0.0020857226115451044,-0.0065064451741201415,-0.0964159367437056,-0.06644610622051045,-0.010528593229488067,0.04499482594481668,0.09711446915814119,0.009431220119867556,0.29923075887870776,"(-0.2,0.2]",Q3,0.0,False
2,19,RUN,True,True,0.057909178724213015,0.04640433778970755,0.011504840934505461,-0.008673505280776275,-0.0019473898756823607,0.012495321621405209,0.006082185187305327,0.05095570761680908,0.0025964841387297348,0.14200681313512864,"(-0.2,0.2]",Q1,0.0,True
3,0,RUN,True,False,,,,,,,,,,,,,0.0,False
3,1,TUMBLE,True,True,0.12767823322343855,0.12767823322343855,0.0,,,,0.04004659525415285,0.020023297627076428,0.0004009324478624845,0.040046595254152856,,Q1,0.0,False
3,2,TUMBLE,True,True,0.1802202487255057,0.12767823322343855,0.05254201550206716,0.07256531312914359,,,0.04629430537811001,0.0379137090806013,0.0014374493362484695,0.09258861075622002,,Q1,0.0,False
3,3,TUMBLE,True,True,0.1505076908783731,0.12767823322343855,0.02282945765493455,-0.003441550096099033,0.018664317572296446,,0.02411701742293293,0.033814255764303976,0.0011434038928937647,0.09258861075622002,"(-0.2,0.2]",Q1,0.0,False
3,4,RUN,True,True,-0.0036983596233224024,0.12767823322343855,-0.13137659284676095,-0.1690623294252618,-0.1565004172324282,-0.14020781232247317,-0.015983053753028165,0.06371844329639283,0.004060040016115628,0.18391860834882812,"(-0.2,0.2]",Q1,0.0,False
3,5,TUMBLE,True,True,-0.05139112413371931,0.1802202487255057,-0.231611372859225,-0.12479578976124465,-0.16040098412723813,-0.16506807743471805,-0.05420573230631437,0.09116522305176541,0.00831109789407814,0.231611372859225,"(-0.2,0.2]",Q2,0.0,False
3,6,TUMBLE,True,True,0.13024529932714526,0.1505076908783731,-0.020262391551227832,0.15779004120566612,0.09843923028670147,0.06133568536543599,-0.03018487138088133,0.0914353782972924,0.00836042840436897,0.231611372859225,"(-0.2,0.2]",Q2,0.0,False
3,7,TUMBLE,True,True,0.01289678333145208,-0.0036983596233224024,0.016595142954774482,-0.026530304265260898,-0.012155155191915769,-0.04351909328066708,-0.014127815614337447,0.07881021908649925,0.006211050632462011,0.2018988150120924,"(-0.2,0.2]",Q2,0.0,False
3,8,TUMBLE,True,True,-0.006618135345697818,-0.05139112413371931,0.044772988788021495,-0.07818917667499649,-0.03720178818732383,-0.028631285071086726,0.0058448356020420564,0.0608315310760378,0.0037004751730549527,0.18163642346086456,"(-0.2,0.2]",Q1,0.0,False
3,9,TUMBLE,True,True,-0.07180494732963084,0.13024529932714526,-0.20205024665677612,-0.07494427132250797,-0.11731292976726401,-0.0930881531244259,-0.017769108106466598,0.07061931234212956,0.004987087275675253,0.20205024665677612,"(-0.2,0.2]",Q2,0.0,False
3,10,TUMBLE,True,True,0.06878077600664925,0.01289678333145208,0.05588399267519717,0.10799231734431358,0.09062287578794144,0.05260102601083208,-0.0207630777302075,0.06855110838460066,0.0046992544607572665,0.20205024665677612,"(-0.2,0.2]",Q2,0.0,False
3,11,TUMBLE,True,True,0.024817844254298962,-0.006618135345697818,0.03143597959999678,0.02632992991578976,0.028031946477192097,0.024004225088605793,0.00992410331980408,0.04594602637429431,0.0021110373395873483,0.1405857233362801,"(-0.2,0.2]",Q1,0.0,False
3,12,TUMBLE,True,True,-0.02702179362991417,-0.07180494732963084,0.04478315369971667,-0.07382110376038828,-0.03428635127368663,-0.03081567802631906,0.00558154750154971,0.04743117391019709,0.0022497162584993614,0.1405857233362801,"(-0.2,0.2]",Q1,0.0,False
3,13,TUMBLE,True,True,-0.0933281307969122,0.06878077600664925,-0.16210890680356144,-0.09222615610910459,-0.11552040634059021,-0.092021100622263,-0.013884893657112598,0.06000053564722997,0.0036000642779545145,0.16210890680356144,"(-0.2,0.2]",Q1,0.0,False
3,14,TUMBLE,True,True,0.11117514114721411,0.024817844254298962,0.08635729689291514,0.17135010336062728,0.1430191678713899,0.11786296718868365,-0.003335724477008156,0.07172373809207586,0.005144294605900693,0.20450327194412632,"(-0.2,0.2]",Q2,0.0,False
3,15,TUMBLE,True,True,0.05461824198879056,-0.02702179362991417,0.08164003561870473,0.04569473681363961,0.05767650308199465,0.050707476745118885,0.01977977302461114,0.06987413963789152,0.004882395390135563,0.20450327194412632,"(-0.2,0.2]",Q2,0.0,False
3,16,RUN,True,True,0.1691270146582247,-0.0933281307969122,0.2624551454551369,0.08623032309022235,0.14497193054519386,0.1577661499809301,0.05402439893619803,0.09399918209756228,0.008835846235010672,0.2624551454551369,"(-0.2,0.2]",Q3,0.0,False
3,17,RUN,True,True,0.3366924716356327,0.11117514114721411,0.2255173304884186,0.22481984331212507,0.22505233903755628,0.2762944048863034,0.09179930783761002,0.1408093208003316,0.019827264824250696,0.4300206024325449,"(0.2,1]",Q4,0.0,False
3,18,TUMBLE,True,True,0.44767963795914134,0.05461824198879056,0.3930613959703508,0.19476989481221263,0.26086706186492536,0.27977642060167585,0.09550832232706964,0.14639859748929235,0.021432549346831836,0.3930613959703508,"(0.2,1]",Q4,0.0,False
3,19,TUMBLE,True,True,0.4331282830763751,0.1691270146582247,0.2640012684181504,0.04094222827898808,0.1152952416587088,0.18109894151592776,0.10355727054760856,0.15331554611941328,0.02350565668189394,0.3930613959703508,"(-0.2,0.2]",Q4,1.0,True
4,0,TUMBLE,True,False,,,,,,,,,,,,,0.0,False
4,1,TUMBLE,True,True,0.05097457306901902,0.05097457306901902,0.0,,,,0.08668737523858398,0.043343687619292,0.0018786752564387665,0.086687375238584,,Q1,0.0,False
4,2,TUMBLE,True,True,-0.17664943963776736,0.05097457306901902,-0.2276240127067864,-0.18428032508749437,,,-0.07046831873410114,0.09380270546165727,0.008798947551926426,0.2276240127067864,,Q3,0.0,False
4,3,TUMBLE,True,True,-0.1472110633705382,0.05097457306901902,-0.19818563643955722,-0.08437363008616403,-0.09341517379110043,,-0.0562118796309706,0.0907491579528364,0.00823540966914885,0.2276240127067864,"(-0.2,0.2]",Q2,0.0,False
4,4,TUMBLE,True,True,-0.09798454423906998,0.05097457306901902,-0.148959117308089,0.0639457072650828,-0.007022567592641138,-0.02083486121185711,-0.03227291205785671,0.08159523494661838,0.006657782365993854,0.2276240127067864,"(-0.2,0.2]",Q2,0.0,False
4,5,TUMBLE,True,True,0.06492442007466505,-0.17664943963776736,0.2415738597124324,0.18752222387946915,0.20553943582379025,0.1576420386192542,0.01065645894099892,0.10056846665832848,0.010114016486007328,0.2415738597124324,"(0.2,1]",Q3,0.0,False
4,6,RUN,True,True,0.010356567684543003,-0.1472110633705382,0.1575676310550812,0.026886629766745468,0.07044696352952405,0.09958672447772063,0.058614749808982396,0.0924967047663997,0.00855564039264251,0.2415738597124324,"(-0.2,0.2]",Q2,0.0,False
4,7,TUMBLE,True,True,0.05705548276262649,-0.09798454423906998,0.15504002700169647,0.019414988883022462,0.06462333492258046,0.09953413772522651,0.051687420418994226,0.08520844800029626,0.007260479610619191,0.21213548344520322,"(-0.2,0.2]",Q2,0.0,False
4,8,TUMBLE,True,True,-0.02261562244703816,0.06492442007466505,-0.0875400425217032,-0.05632164767062291,-0.06672777928764967,-0.0312036040177293,0.014286890627202516,0.059435100828336786,0.00353253121047456,0.16290896431373503,"(-0.2,0.2]",Q1,0.0,False
4,9,TUMBLE,True,True,0.07543986367847445,0.010356567684543003,0.06508329599393145,0.05821993352068029,0.06050772101176401,0.04800965165977536,-0.0011941302923962375,0.037211580199208616,0.0013847017009221347,0.09805548612551261,"(-0.2,0.2]",Q1,0.0,False
4,10,TUMBLE,True,True,-0.24270590448597001,0.05705548276262649,-0.2997613872485965,-0.26911802510168814,-0.2793324791506576,-0.27276497740562144,-0.048774056342517795,0.11443043378235558,0.013094324175618066,0.31814576816444445,"(-1,-0.2]",Q3,0.0,False
4,11,TUMBLE,True,True,0.18877093381015272,-0.02261562244703816,0.21138655625719088,0.2724039542139005,0.252064821561664,0.22197747893312952,0.004334062005612047,0.1437863873688411,0.020674525192582432,0.4314768382961227,"(0.2,1]",Q4,0.0,False
4,12,TUMBLE,True,True,0.33287969093963865,0.07543986367847445,0.2574398272611642,0.3598471762775473,0.32571139327208626,0.3331573733007339,0.08243216969050317,0.19469875233916864,0.03790760416242893,0.5755855954256086,"(0.2,1]",Q4,0.0,False
4,13,TUMBLE,True,True,0.08312599500322855,-0.24270590448597001,0.32583189948919855,-0.17769931737166716,-0.009855578418045227,-0.0054701509823453925,0.05909578580751164,0.18956134252702117,0.03593350258064665,0.5755855954256086,"(-0.2,0.2]",Q4,0.0,False
4,14,TUMBLE,True,True,0.25662995979573017,0.18877093381015272,0.06785902598557744,0.04862711682429657,0.05503775321139018,0.16611228097896769,0.08930267897564763,0.20077862057967533,0.040312054481877226,0.5755855954256086,"(-0.2,0.2]",Q4,0.0,False
4,15,TUMBLE,True,True,0.19819935092112662,0.33287969093963865,-0.13468034001851203,0.028321373521647264,-0.02601253099173917,-0.01715229396606094,-0.0057392896921960625,0.08239206094015433,0.006788451705966105,0.24975369593641011,"(-0.2,0.2]",Q2,0.0,False
4,16,RUN,True,True,0.18776690185897552,0.08312599500322855,0.10464090685574697,-0.039647753499452876,0.008448466618947076,-0.029941847305955477,-0.017515222224342857,0.08244944169598634,0.00679791043597985,0.24975369593641011,"(-0.2,0.2]",Q2,0.0,False
4,17,TUMBLE,True,True,0.15376592484592772,0.25662995979573017,-0.10286403494980245,-0.03921720154412334,-0.06043281267934972,-0.027664627048837487,0.007241680174864376,0.05701288289106865,0.0032504688155507084,0.17350396479250163,"(-0.2,0.2]",Q1,0.0,False
4,18,TUMBLE,True,True,-0.19068657878270334,0.19819935092112662,-0.38888592970382996,-0.36145299213515497,-0.37059730465804663,-0.38977711313814334,-0.09390665032320661,0.15939578596001905,0.025407016581812207,0.4473165385784335,"(-1,-0.2]",Q4,0.0,False
4,19,TUMBLE,True,True,0.06731696195223535,0.18776690185897552,-0.12044993990674016,0.08577728892062317,0.01703487931150205,-0.01994443775859625,-0.06402182585794615,0.14450241525378096,0.02088094801417615,0.38888592970382996,"(-0.2,0.2]",Q4,0.0,True
5,0,RUN,True,False,,,,,,,,,,,,,0.0,False
5,1,TUMBLE,True,True,-0.1964596736446903,-0.1964596736446903,0.0,,,,-0.13042307000472653,0.0652115350023633,0.004252544297364455,0.13042307000472658,,Q2,0.0,False
5,2,TUMBLE,True,True,0.540773764794041,-0.1964596736446903,0.7372334384387313,0.672021903436368,,,0.3034051842170023,0.3212375623499194,0.10319357146451835,0.7372334384387313,,Q4,0.0,False
5,3,TUMBLE,True,True,0.06700310327739216,-0.1964596736446903,0.2634627769220825,-0.10515394229728321,-0.025756059225736844,,0.11363525591907993,0.2784233491168102,0.07751956133342118,0.7372334384387313,"(-0.2,0.2]",Q4,0.0,False
5,4,RUN,True,True,0.4269524820670363,-0.1964596736446903,0.6234121557117266,0.1230640480313197,0.2898467505914553,0.34063233437034146,0.12494409483360823,0.28386706575739123,0.08058051102171108,0.7372334384387313,"(0.2,1]",Q4,1.0,True
6,0,TUMBLE,True,False,,,,,,,,,,,,,0.0,False
6,1,TUMBLE,True,True,0.03347125996089309,0.03347125996089309,0.0,,,,0.07476644747828542,0.03738322373914272,0.0013975054171308037,0.07476644747828544,,Q1,0.0,False
6,2,TUMBLE,True,True,0.05476213215572973,0.03347125996089309,0.021290872194836642,0.05867409593397936,,,0.04802865983656104,0.04119106101803649,0.0016967035077916053,0.09605731967312209,,Q1,0.0,False
6,3,TUMBLE,True,True,0.11214244185320434,0.03347125996089309,0.07867118189231125,0.06802574579489293,0.09649637365346084,,0.04816037603066267,0.0549403611190718,0.0030184432798940164,0.15343762937059668,"(-0.2,0.2]",Q1,0.0,False
6,4,RUN,True,True,-0.01212849200678492,0.03347125996089309,-0.04559975196767801,-0.09558077901125196,-0.07892043666339398,-0.05189865361989362,0.013700457291352613,0.05334519531808319,0.0028457098635244447,0.15343762937059668,"(-0.2,0.2]",Q1,0.0,False
6,5,TUMBLE,True,True,-0.12200995977993222,0.05476213215572973,-0.17677209193566196,-0.17201693470314192,-0.17360198711398195,-0.16907179527069277,-0.03778530636441652,0.07855087023143112,0.006170239214115132,0.23415240163313655,"(-0.2,0.2]",Q2,0.0,False
6,6,TUMBLE,True,True,-0.16385095557742835,0.11214244185320434,-0.27599339743063267,-0.09678172968406978,-0.15651895226625742,-0.1720424861329826,-0.06713785770994525,0.1039411736737506,0.010803767584676783,0.27599339743063267,"(-0.2,0.2]",Q3,0.0,False
6,7,RUN,True,True,-0.0476477342006625,-0.01212849200678492,-0.03551924219387758,0.09528272347801779,0.051682068254052665,-0.0011859928229272093,-0.047130281567837724,0.09573186003423273,0.009164589025613925,0.27599339743063267,"(-0.2,0.2]",Q3,0.0,False
6,8,TUMBLE,True,True,0.058963443507646277,-0.12200995977993222,0.1809734032875785,0.16471278839669168,0.17013299336032062,0.14537272889884828,0.021654609660813194,0.07898265462831489,0.006238259732135671,0.2228143990850746,"(-0.2,0.2]",Q2,0.0,False
6,9,RUN,True,True,-0.07589681381421483,-0.16385095557742835,0.08795414176321352,-0.08155466846770672,-0.02505173172406664,-0.007260512301620628,0.031504069101650926,0.0757350178763669,0.005735792932733613,0.2228143990850746,"(-0.2,0.2]",Q2,0.0,False
6,10,RUN,True,True,0.12436964734171116,-0.0476477342006625,0.17201738154237367,0.13283633249499543,0.14589668217745483,0.181477662362876,0.05481921262247266,0.10164297148966792,0.010331293653249444,0.28822060291913953,"(-0.2,0.2]",Q3,0.0,False
6,11,RUN,True,True,0.012473753122400002,0.058963443507646277,-0.04648969038524627,-0.011762663641348163,-0.023338339222647532,-0.0024733825862200253,0.018564917848018992,0.07223068102316937,0.00521727128107084,0.200266461155926,"(-0.2,0.2]",Q2,0.0,False
6,12,TUMBLE,True,True,-0.0819668040425145,-0.07589681381421483,-0.006069990228299668,-0.15038850427457007,-0.10228233292581328,-0.11194431158190014,-0.01934899281637067,0.07910883262648984,0.006258207399525983,0.20633645138422566,"(-0.2,0.2]",Q2,0.0,False
6,13,RUN,True,True,0.055918505001778994,0.12436964734171116,-0.06845114233993216,0.09066503046183624,0.0376263061945801,0.061173559349933536,0.00572941862477621,0.07872177350006464,0.006197117622995479,0.20633645138422566,"(-0.2,0.2]",Q2,0.0,False
6,14,TUMBLE,True,True,0.05938621811848065,0.012473753122400002,0.04691246499608065,0.07241036763884841,0.06391106675792582,0.031687442762636735,-0.008652210656708214,0.06812228190783455,0.004640645292330482,0.20633645138422566,"(-0.2,0.2]",Q2,0.0,False
6,15,TUMBLE,True,True,-0.18898781564994982,-0.0819668040425145,-0.10702101160743532,-0.24664017721007964,-0.20010045534253154,-0.2004407336999861,-0.026157011538370436,0.09502027829832946,0.009028853287891981,0.24837403376843048,"(-1,-0.2]",Q3,0.0,False
6,16,TUMBLE,True,True,0.026345887413779242,0.055918505001778994,-0.029572617587999752,0.09114668617951383,0.0509069182570093,0.06525836155683042,-0.002828093773914125,0.09637297749874103,0.009287750791972846,0.24837403376843048,"(-0.2,0.2]",Q3,0.0,False
6,17,RUN,True,True,-0.02303823724622188,0.05938621811848065,-0.08242445536470253,0.05828272687186341,0.01138033279300809,-0.011203935967244148,-0.019095381520070318,0.09230852847888836,0.008520864429937743,0.24837403376843048,"(-0.2,0.2]",Q2,0.0,False
6,18,TUMBLE,True,True,-0.08512746560528756,-0.18898781564994982,0.10386035004466226,-0.08678129068906623,-0.023234077111156735,-0.053553978764309604,-0.012307778904380869,0.08806232583073058,0.007754973230717758,0.24837403376843048,"(-0.2,0.2]",Q2,0.0,False
6,19,RUN,True,True,-0.20541976276949556,0.026345887413779242,-0.2317656501832748,-0.15133691134374083,-0.1781464909569188,-0.13771785499757555,-0.014433724725815802,0.0905833525851499,0.008205343765565584,0.2317656501832748,"(-0.2,0.2]",Q2,0.0,True
7,0,TUMBLE,True,False,,,,,,,,,,,,,1.0,True
8,0,RUN,True,False,,,,,,,,,,,,,1.0,True
9,0,TUMBLE,True,False,,,,,,,,,,,,,0.0,False
9,1,TUMBLE,True,True,0.014948065900791608,0.014948065900791608,0.0,,,,-0.11790775535587417,0.05895387767793709,0.0034755596932651693,0.11790775535587418,,Q1,0.0,False
9,2,TUMBLE,True,True,-0.13036591921498553,0.014948065900791608,-0.14531398511577714,-0.20426786279371423,,,-0.1316108702358256,0.10765380609477065,0.011589341966690479,0.2632217404716513,,Q3,0.0,False
9,3,RUN,True,True,0.04063028576687681,0.014948065900791608,0.0256822198660852,0.09833921242397377,0.03481762978605285,,-0.04219905915851443,0.09444208067383207,0.008919306602002606,0.2632217404716513,"(-0.2,0.2]",Q3,0.0,False
9,4,RUN,True,True,-0.14588136256577872,0.014948065900791608,-0.16082942846657033,-0.10101354584172435,-0.12095217338333968,-0.16039842599311588,-0.05317921477788038,0.10607483250692945,0.011251870091373137,0.2787371838224445,"(-0.2,0.2]",Q3,0.0,False
9,5,TUMBLE,True,True,0.13716586465466596,-0.13036591921498553,0.2675317838696515,0.1897914030541169,0.21570486332596178,0.19233309718293992,0.022892015415695542,0.10730408349243747,0.011514166334151992,0.2830472272204447,"(0.2,1]",Q3,0.0,False
9,6,TUMBLE,True,True,0.07023856860797872,0.04063028576687681,0.029608282841101917,0.0745963175635351,0.05960030598939071,0.09485135144778409,0.04977445545337176,0.11270865642485116,0.012703241233095143,0.2830472272204447,"(-0.2,0.2]",Q3,0.0,False
9,7,RUN,True,True,-0.15229354104185422,-0.14588136256577872,-0.006412178476075503,-0.25599575767317656,-0.17280123127414287,-0.17783188015778992,-0.016972772244370462,0.1177884867321655,0.01387412760665353,0.2894594056965202,"(-0.2,0.2]",Q3,0.0,False
9,8,TUMBLE,True,True,-0.047247208705682636,0.13716586465466596,-0.1844130733603486,-0.006219722488744889,-0.06561750611261279,-0.024554591119435573,-0.009219109797632782,0.11545141689736554,0.013329029663609302,0.2894594056965202,"(-0.2,0.2]",Q3,0.0,False
9,9,TUMBLE,True,True,0.0197276255494871,0.07023856860797872,-0.050510943058491624,0.11949800042325553,0.06282835259600647,0.017761704670710143,-0.03523622555240191,0.0994087274465842,0.009882095092549264,0.2894594056965202,"(-0.2,0.2]",Q3,0.0,False
9,10,TUMBLE,True,True,0.07762567421574079,-0.15229354104185422,0.229919215257595,0.09138546579383856,0.13756338228175738,0.10501931311325854,0.018679537780686522,0.08552175886486187,0.007313971239339579,0.229919215257595,"(-0.2,0.2]",Q2,0.0,False
9,11,TUMBLE,True,True,0.0335620196808113,-0.047247208705682636,0.08080922838649393,-0.015114630201802641,0.01685998932762955,0.059108882176388544,0.049658400436675444,0.08003132525337361,0.006405013021811277,0.229919215257595,"(-0.2,0.2]",Q2,0.0,False
9,12,TUMBLE,True,True,0.035472048407506736,0.0197276255494871,0.015744422858019635,-0.020121798540769308,-0.00816639140783966,0.014555020722417596,0.0179272908357703,0.040479681611078566,0.0016386046233342923,0.12487288292142343,"(-0.2,0.2]",Q1,0.0,False
9,13,RUN,True,True,0.06757547323003837,0.07762567421574079,-0.010050200985702418,0.033058439185879356,0.01868889246201877,0.025978631266651897,0.005354206955286845,0.021992372637948347,0.00048366445424637914,0.05789804866625369,"(-0.2,0.2]",Q1,0.0,False
9,14,TUMBLE,True,True,0.021882487242804033,0.0335620196808113,-0.011679532438007269,-0.02964127357596852,-0.023654026529981435,-0.031676316640720265,-0.007747292039664647,0.021472748301020483,0.00046107891959897804,0.05574318697293676,"(-0.2,0.2]",Q1,0.0,False
9,15,TUMBLE,True,True,-0.06752200851274308,0.035472048407506736,-0.10299405692024982,-0.11225098874916428,-0.10916534480619279,-0.1071450156530332,-0.02157576175518114,0.04546223913875743,0.002066815187509568,0.13509748174278147,"(-0.2,0.2]",Q1,0.0,False
9,16,TUMBLE,True,True,-0.14165979407292117,0.06757547323003837,-0.20923526730295955,-0.11884003343795166,-0.14897177805962095,-0.1560117941648227,-0.048936116670363725,0.07682525625116314,0.005902119998056881,0.20923526730295955,"(-0.2,0.2]",Q2,0.0,False
9,17,TUMBLE,True,True,0.12412180997081533,0.021882487242804033,0.1022393227280113,0.22871271126364745,0.18655491508510208,0.1540527704990208,-0.005044960783417137,0.0949466818869914,0.00901487240134954,0.2657816040437365,"(-0.2,0.2]",Q3,0.0,False
9,18,RUN,True,True,0.02945965383788738,-0.06752200851274308,0.09698166235063047,0.0382286458889403,0.05781298470950369,0.0452540301808986,0.020679815167372505,0.09072185883299824,0.008230455670114462,0.2657816040437365,"(-0.2,0.2]",Q2,0.0,False
9,19,TUMBLE,True,True,0.04408055308962678,-0.14165979407292117,0.18574034716254795,-0.03271017881472458,0.0401066631776996,0.05798063778386717,0.039432457111554825,0.092539038111802,0.008563473574657544,0.2657816040437365,"(-0.2,0.2]",Q2,0.0,True
10,0,TUMBLE,True,False,,,,,,,,,,,,,0.0,False
10,1,TUMBLE,True,True,0.28044409737612225,0.28044409737612225,0.0,,,,-0.014625025437941863,0.007312512718970876,5.347284226511083e-05,0.014625025437941752,,Q1,0.0,False
10,2,TUMBLE,True,True,0.09360652606277262,0.28044409737612225,-0.18683757131334963,-0.1941500840323205,,,-0.10073129837564569,0.09171777200442725,0.008412149701456099,0.20146259675129138,,Q2,0.0,False
10,3,TUMBLE,True,True,0.34057698402819203,0.28044409737612225,0.060132886652069784,0.1535516723087446,0.11753706861053906,,-0.005031398767096593,0.09433672532150088,0.008899417744384306,0.24697045796541942,"(-0.2,0.2]",Q3,0.0,False
10,4,TUMBLE,True,True,0.1290250372933062,0.28044409737612225,-0.15141906008281605,-0.08806671775217614,-0.10918416519572277,-0.12339914527698156,-0.027195528438944593,0.09775433516894164,0.00955591004432178,0.24697045796541942,"(-0.2,0.2]",Q3,0.0,False
10,5,RUN,True,True,0.12786769746639365,0.09360652606277262,0.03426117140362103,-0.10693331319435545,-0.059868484995029975,-0.08304546372370461,-0.026973428858892378,0.09760226304363388,0.009526201751238701,0.24697045796541942,"(-0.2,0.2]",Q3,0.0,False
10,6,TUMBLE,True,True,0.1350799603526628,0.34057698402819203,-0.20549702367552924,0.006633592972812852,-0.06407661257663452,-0.03768910086000332,-0.012976241798201829,0.08887322733518868,0.00789845053697213,0.24697045796541942,"(-0.2,0.2]",Q2,0.0,False
10,7,RUN,True,True,0.021071554292260666,0.1290250372933062,-0.10795348300104553,-0.11040227461726755,-0.10958601074519354,-0.162065865492878,-0.06329559364125062,0.10401144528045426,0.010818380749328931,0.3195054297359314,"(-0.2,0.2]",Q3,0.0,False
10,8,TUMBLE,True,True,0.06887160607316142,0.12786769746639365,-0.058996091393232225,-0.009204151249300296,-0.025801464630610935,-0.034389456277994404,-0.022710300561442257,0.044683182885700015,0.0019965868327969146,0.11400840606040212,"(-0.2,0.2]",Q1,0.0,False
10,9,RUN,True,True,0.06179758404458809,0.1350799603526628,-0.07328237630807469,0.016826003861877048,-0.013210122861440195,-0.026425120501531542,-0.01983485811231125,0.04291782723463815,0.001841939894542248,0.11400840606040212,"(-0.2,0.2]",Q1,0.0,False
10,10,RUN,True,True,0.0726597844986422,0.021071554292260666,0.051588230206381536,0.0073251894397674405,0.022079536361972144,0.0009546083079739615,-0.008411432195571384,0.03657060419925138,0.0013374090914983025,0.11400840606040212,"(-0.2,0.2]",Q1,0.0,False
10,11,TUMBLE,True,True,0.12946880352557852,0.06887160607316142,0.060597197452417095,0.062240119253963375,0.061692478653447944,0.07336867129841543,0.02205826768921165,0.03465014978143868,0.0012006328798761351,0.10839724923331785,"(-0.2,0.2]",Q1,0.0,False
10,12,TUMBLE,True,True,0.0590698651416305,0.06179758404458809,-0.0027277189029575946,-0.04199442887047987,-0.028905525547972433,-0.024129579393862052,0.004806773761792854,0.02600405308370361,0.0006762107767800752,0.07039893838394802,"(-0.2,0.2]",Q1,0.0,False
10,13,TUMBLE,True,True,-0.02786158916585116,0.0726597844986422,-0.10052137366449336,-0.12213092349945567,-0.1149277402211349,-0.10861059846846098,-0.01929082657778902,0.050408740110544824,0.0025410410795324505,0.15733039269142968,"(-0.2,0.2]",Q1,0.0,False
10,14,TUMBLE,True,True,-0.051437979633549555,0.12946880352557852,-0.18090678315912806,-0.06704211762143922,-0.10499700613400217,-0.10977219563354956,-0.040552592095581305,0.06683645324291326,0.004467111482092131,0.18090678315912806,"(-0.2,0.2]",Q2,0.0,False
10,15,TUMBLE,True,True,0.05302002911347675,0.0590698651416305,-0.006049836028153746,0.0926698135131771,0.059763263666066824,0.025710254146524673,-0.02634053935993836,0.0651445660872252,0.004243814490692852,0.18090678315912806,"(-0.2,0.2]",Q2,0.0,False
10,16,TUMBLE,True,True,0.16478949073648141,-0.02786158916585116,0.19265107990233257,0.16399846599651782,0.17354933729845606,0.1565919093725548,0.029232086946902953,0.07625027981398311,0.005814105171710719,0.21622747037003098,"(-0.2,0.2]",Q2,0.0,False
10,17,RUN,True,True,0.10824529075763537,-0.051437979633549555,0.1596832703911849,-0.0006594691673437181,0.052788110685499164,0.073617802994996,0.048844123021700395,0.08115201382991309,0.006585649348650405,0.21622747037003098,"(-0.2,0.2]",Q2,0.0,False
10,18,RUN,True,True,0.27697083635634445,0.05302002911347675,0.2239508072428677,0.14045344560928608,0.16828589948714662,0.20831662861283345,0.07120428936239466,0.10972024581280009,0.012038532341221275,0.328408815989894,"(-0.2,0.2]",Q3,0.0,False
10,19,TUMBLE,True,True,0.4342168980967029,0.16478949073648141,0.26942740736022147,0.241608834539713,0.25088169214654915,0.2834604863557184,0.0874575083586315,0.13547433856156532,0.018353296408693626,0.38119686898322613,"(0.2,1]",Q4,0.0,True
11,0,TUMBLE,True,False,,,,,,,,,,,,,0.0,False
11,1,TUMBLE,True,True,0.5099935445335875,0.5099935445335875,0.0,,,,-0.1913295481586279,0.09566477407931395,0.009151748999646178,0.1913295481586279,,Q3,1.0,True
12,0,TUMBLE,True,False,,,,,,,,,,,,,0.0,False
12,1,TUMBLE,True,True,0.30107845288369744,0.30107845288369744,0.0,,,,0.049674767658216934,0.024837383829108495,0.0006168956354744602,0.04967476765821699,,Q1,0.0,False
12,2,TUMBLE,True,True,0.2656327248526724,0.30107845288369744,-0.035445728031025026,-0.01060834420191653,,,0.007114519813595947,0.020887124546155312,0.00043627197180660373,0.04967476765821699,,Q1,0.0,False
12,3,RUN,True,True,0.3754298882090132,0.30107845288369744,0.07435143532531574,0.09207429934082828,0.10272493388839643,,0.033663288091957254,0.048018550965229494,0.002305781236800342,0.12402620298353273,"(-0.2,0.2]",Q1,0.0,False
12,4,TUMBLE,True,True,0.5385265270329804,0.30107845288369744,0.23744807414928298,0.2179952205021376,0.22447950505118608,0.24014033924026457,0.06485971189403156,0.10522074982772632,0.011071406194308969,0.2871228418075,"(0.2,1]",Q3,1.0,True
13,0,TUMBLE,True,False,,,,,,,,,,,,,0.0,False
13,1,TUMBLE,True,True,0.24863736832316227,0.24863736832316227,0.0,,,,-0.09077331853662676,0.04538665926831338,0.002059948839537977,0.09077331853662676,,Q1,0.0,False
13,2,RUN,True,True,0.34069108383106783,0.24863736832316227,0.09205371550790556,0.046667056239592164,,,0.0006401984856393791,0.04309591539470273,0.0018572579237073755,0.09205371550790556,,Q1,0.0,False
13,3,TUMBLE,True,True,0.571557454371647,0.24863736832316227,0.32292008604848466,0.2768932282945319,0.2619777413669739,,0.0788494018043479,0.11942155008616319,0.014261506624981983,0.32292008604848466,"(0.2,1]",Q3,1.0,True
14,0,TUMBLE,True,False,,,,,,,,,,,,,0.0,False
14,1,TUMBLE,True,True,0.41658367899518745,0.41658367899518745,0.0,,,,0.19183322497122826,0.09591661248561417,0.009199996550715477,0.19183322497122834,,Q3,0.0,False
14,2,TUMBLE,True,True,0.3782869937167291,0.41658367899518745,-0.038296685278458364,0.05761992720715581,,,0.07676826984638498,0.0828922267679939,0.006871121258556525,0.19183322497122834,,Q2,0.0,False
14,3,TUMBLE,True,True,0.276885592140053,0.41658367899518745,-0.13969808685513446,-0.12054974421590531,-0.06298811677190558,,0.011810872906982317,0.07679353963147387,0.0058972477291307475,0.19183322497122834,"(-0.2,0.2]",Q2,0.0,False
14,4,RUN,True,True,0.10909949350902326,0.41658367899518745,-0.3074841854861642,-0.21848679941936777,-0.2481525947749666,-0.21502718620995892,-0.03710000078850059,0.11007119837997663,0.01211566871280417,0.3074841854861642,"(-1,-0.2]",Q3,0.0,False
14,5,TUMBLE,True,True,0.24042553853789073,0.3782869937167291,-0.13786145517883835,0.047432995713352605,-0.01433182125071103,-0.054788401052357494,-0.06215037811222996,0.1086348714155814,0.011801535287479905,0.3074841854861642,"(-0.2,0.2]",Q3,0.0,False
14,6,TUMBLE,True,True,0.034447845584227796,0.276885592140053,-0.24243774655582517,-0.14031467043922918,-0.17435569581142785,-0.21672655889169617,-0.07241383498671648,0.12222586880283319,0.014939163004607391,0.34383914813250127,"(-0.2,0.2]",Q4,0.0,False
14,7,RUN,True,True,0.016834349206440044,0.10909949350902326,-0.09226514430258322,-0.12060234285461922,-0.11115661000394055,-0.14838026823635864,-0.05947541337920214,0.1058199491586879,0.011197861639947293,0.2600512429336129,"(-0.2,0.2]",Q3,0.0,False
14,8,TUMBLE,True,True,-0.14414677657120206,0.24042553853789073,-0.3845723151090928,-0.169787873966536,-0.24138268768072157,-0.24434858328059753,-0.07300837294919013,0.1255233558294545,0.015756112858687853,0.3845723151090928,"(-1,-0.2]",Q4,0.0,False
14,9,TUMBLE,True,True,0.07181184341371434,0.034447845584227796,0.037363997829486545,0.13546805709609533,0.10276670400722575,0.03492160422437521,-0.05158220124037826,0.12295107801007563,0.015116967583839703,0.3845723151090928,"(-0.2,0.2]",Q4,0.0,False
14,10,RUN,True,True,-0.014677262380337772,0.016834349206440044,-0.031511611586777816,0.02149020419840609,0.0038229322700114483,-0.009414077788632801,-0.004327272172185688,0.07398023907672366,0.0054730757738491904,0.2159586199849164,"(-0.2,0.2]",Q2,0.0,False
14,11,RUN,True,True,0.171386185981324,-0.14414677657120206,0.31553296255252605,0.14281889546463572,0.20039025116059916,0.18893064756417036,0.043857318774063195,0.10369054974954567,0.010751730107363005,0.31553296255252605,"(0.2,1]",Q3,0.0,False
14,12,RUN,True,True,0.17841606226220486,0.07181184341371434,0.10660421884849051,0.10006160046171175,0.10224247325730466,0.15732256465133024,0.07447000202344235,0.12128021251588225,0.014708889947897562,0.3225628388334069,"(-0.2,0.2]",Q4,0.0,False
14,13,TUMBLE,True,True,0.1827046163057468,-0.014677262380337772,0.1973818786860846,0.00780349218398238,0.07099628768468312,0.08097040898652044,0.041487887042660744,0.07800442148173811,0.006084689770700646,0.1973818786860846,"(-0.2,0.2]",Q2,0.0,False
14,14,TUMBLE,True,True,0.46850018671626714,0.171386185981324,0.29711400073494315,0.2879398474322913,0.29099789853317526,0.33904278617403266,0.09776733285176326,0.1547417521766494,0.02394500986669958,0.4831774490966049,"(0.2,1]",Q4,0.0,False
14,15,RUN,True,True,0.269355280146788,0.17841606226220486,0.09093921788458315,-0.056247121364218944,-0.0071850082812849325,0.019103517330402275,0.04860223127849901,0.11301955062701621,0.01277341882393268,0.29711400073494315,"(-0.2,0.2]",Q3,0.0,False
14,16,RUN,True,True,0.33847428107524347,0.1827046163057468,0.15576966476949666,-0.030453452356284105,0.03162092001897615,0.06373024471749178,0.040676710146711835,0.10823128309829437,0.011714010641103141,0.2900841244540623,"(-0.2,0.2]",Q3,0.0,False
14,17,TUMBLE,True,True,0.16711075925034946,0.46850018671626714,-0.3013894274659177,-0.13680402136066627,-0.1916658233957501,-0.14764783181066188,-0.01612136197518185,0.1105789590010908,0.01222770617376492,0.3013894274659177,"(-0.2,0.2]",Q3,0.0,False
14,18,TUMBLE,True,True,0.14700542104750436,0.269355280146788,-0.12234985909928364,-0.1057870991152921,-0.11130801910995597,-0.16385470574965766,-0.07452340522339643,0.11787973078559175,0.013895630930083587,0.3214947656687628,"(-0.2,0.2]",Q3,0.0,False
14,19,RUN,True,True,-0.15062129444993894,0.33847428107524347,-0.4890955755251824,-0.30767938459886585,-0.36815144824097135,-0.38110772982991026,-0.1031422009221193,0.16754235248387997,0.02807043987583268,0.4890955755251824,"(-1,-0.2]",Q4,0.0,True
15,0,TUMBLE,True,False,,,,,,,,,,,,,0.0,False
15,1,TUMBLE,True,True,-0.04097626273926416,-0.04097626273926416,0.0,,,,-0.2011058780824299,0.10055293904121497,0.010110893549826293,0.20110587808242994,,Q3,0.0,False
15,2,TUMBLE,True,True,0.04738466029342817,-0.04097626273926416,0.08836092303269233,-0.012192016008522634,,,-0.05637247752486881,0.08230205330749106,0.0067736279786291004,0.20110587808242994,,Q2,0.0,False
15,3,TUMBLE,True,True,-0.009912019288462456,-0.04097626273926416,0.031064243450801707,-0.013116218065544461,-0.06542469025423905,,-0.042176398086219265,0.07669937500891817,0.005882794126758661,0.20110587808242994,"(-0.2,0.2]",Q2,0.0,False
15,4,RUN,True,True,0.22630715102506893,-0.04097626273926416,0.26728341376433307,0.20757083052258607,0.22747502493650174,0.1871506526228521,0.01634193148146078,0.10153961781370088,0.010310293985752441,0.26728341376433307,"(0.2,1]",Q3,0.0,False
15,5,RUN,True,True,0.021885792013137235,0.04738466029342817,-0.025498868280290937,-0.086311773855166,-0.06604080533020765,-0.03381509030955539,0.030464660023644355,0.09353282843009497,0.008748389994133582,0.26728341376433307,"(-0.2,0.2]",Q2,0.0,False
15,6,TUMBLE,True,True,-0.15938169703280616,-0.009912019288462456,-0.14946967774434372,-0.2834781685519092,-0.23880867161605407,-0.23079809304359913,-0.03817349033508689,0.12349127093037139,0.01525009399599839,0.38568884805787507,"(-1,-0.2]",Q4,0.0,False
15,7,TUMBLE,True,True,-0.028378892915966892,0.22630715102506893,-0.25468604394103583,0.04036905959386758,-0.05798264158443356,-0.04810369959520128,-0.04226225953128838,0.12449063314982485,0.01549791774204427,0.38568884805787507,"(-0.2,0.2]",Q4,0.0,False
15,8,TUMBLE,True,True,0.008238991195563324,0.021885792013137235,-0.013646800817573912,0.10211928616994986,0.06353059050744193,-0.006869097076794953,-0.04864010045881155,0.12411811445559238,0.015405306336011532,0.38568884805787507,"(-0.2,0.2]",Q4,0.0,False
15,9,RUN,True,True,0.060714507018703595,-0.15938169703280616,0.22009620405150976,0.07078445787890537,0.12055503993644018,0.10012345870372172,0.024527811823950203,0.07558076405375157,0.005712451894948865,0.22009620405150976,"(-0.2,0.2]",Q2,0.0,False
15,10,TUMBLE,True,True,0.0033500454191254386,-0.028378892915966892,0.03172893833509233,-0.031126703688008017,-0.010174823013641235,0.03305181835275198,0.04145568848385337,0.07390152386273739,0.005461435229234745,0.22009620405150976,"(-0.2,0.2]",Q2,0.0,False
15,11,RUN,True,True,0.1311647757347185,0.008238991195563324,0.12292578453915518,0.09913249951580397,0.10706359452358771,0.12018361305536213,0.03141983915249329,0.05593505814489111,0.003128730729672349,0.1595436686506854,"(-0.2,0.2]",Q1,0.0,False
15,12,TUMBLE,True,True,0.11661464110634896,0.060714507018703595,0.05590013408764537,0.04935723052942699,0.05153819838216646,0.06574756126432126,0.028720156853758616,0.053062053747358166,0.0028155815478875267,0.12781473031559304,"(-0.2,0.2]",Q1,0.0,False
15,13,TUMBLE,True,True,0.043646075942358684,0.0033500454191254386,0.040296030523233245,-0.08024363247817505,-0.04006374481103894,-0.03431491637736543,0.007912773353453367,0.04718260818483886,0.002226198515124023,0.12781473031559304,"(-0.2,0.2]",Q1,0.0,False
15,14,TUMBLE,True,True,0.13783161949523953,0.1311647757347185,0.006666843760521041,0.05770126097088571,0.040689788567430815,0.06413773494460163,0.01814444483598684,0.0534549163647014,0.0028574280835572214,0.1344815740761141,"(-0.2,0.2]",Q1,0.0,False
15,15,TUMBLE,True,True,0.02558673895221962,0.11661464110634896,-0.09102790215412934,-0.0651521087665795,-0.07377737322909611,-0.0817275391174468,-0.018993909517610714,0.04686961404033214,0.0021967607202896993,0.11224488054301991,"(-0.2,0.2]",Q1,0.0,False
15,16,TUMBLE,True,True,-0.16973540905069462,0.043646075942358684,-0.21338148499305332,-0.2514445882744242,-0.23875688718063393,-0.25065517792473635,-0.05907594373042261,0.10883617928454664,0.01184531392125798,0.30756702854593415,"(-1,-0.2]",Q3,0.0,False
15,17,TUMBLE,True,True,0.11411461171361371,0.13783161949523953,-0.023717007781625818,0.1861889467628512,0.11622029524802553,0.1047823553788329,-0.01666299570034241,0.10844577920736141,0.011760487027891781,0.30756702854593415,"(-0.2,0.2]",Q3,0.0,False
15,18,TUMBLE,True,True,-0.26260605643260576,0.02558673895221962,-0.2881927953848254,-0.2347956577640653,-0.252594703637652,-0.28955544671020034,-0.07123474790942967,0.1585265258973043,0.025130659413068687,0.4004376759278453,"(-1,-0.2]",Q4,0.0,False
15,19,TUMBLE,True,True,0.13665881493352358,-0.16973540905069462,0.30639422398421823,0.2109045372930196,0.24273443285675247,0.20981884363789033,0.012927350458069664,0.1582772720852792,0.025051694858757502,0.3992648713661293,"(0.2,1]",Q4,0.0,True
16,0,RUN,True,False,,,,,,,,,,,,,0.0,False
16,1,RUN,True,True,0.1528284006119489,0.1528284006119489,0.0,,,,0.10780232802020906,0.053901164010104544,0.002905335481644189,0.10780232802020909,,Q1,0.0,False
16,2,TUMBLE,True,True,-0.02216098451365109,0.1528284006119489,-0.1749893851256,-0.12108822111549546,,,-0.033593528552695415,0.07207767991371483,0.00519519194174393,0.1749893851256,,Q2,0.0,False
16,3,TUMBLE,True,True,0.05343935568239436,0.1528284006119489,-0.09938904492955455,-0.011894352366754554,-0.005125140547618194,,-0.014974953585363635,0.062460539792048755,0.003901319031114106,0.1749893851256,"(-0.2,0.2]",Q1,0.0,False
16,4,TUMBLE,True,True,0.006530221657356099,0.1528284006119489,-0.14629817895459282,-0.009108963927015535,-0.054838702269541295,-0.050752989435751905,-0.017638074679832194,0.05944067441371919,0.003533193774757771,0.1749893851256,"(-0.2,0.2]",Q1,0.0,False
16,5,TUMBLE,True,True,-0.04024319354872745,-0.02216098451365109,-0.01808220903507636,-0.07022798221860269,-0.052846057824093906,-0.08790244190823951,-0.035745198215034545,0.06905344801939264,0.004768378683366962,0.19307159416067637,"(-0.2,0.2]",Q2,0.0,False
16,6,TUMBLE,True,True,-0.02763305434992451,0.05343935568239436,-0.08107241003231887,-0.010776568404238837,-0.03420851561359885,-0.02702440416926749,-0.010462668890366856,0.033441905773002115,0.0011183610617303522,0.0936825492311218,"(-0.2,0.2]",Q1,0.0,False
16,7,TUMBLE,True,True,0.005219718322809635,0.006530221657356099,-0.0013105033345464645,0.03915784227213562,0.02566839373657492,0.00719638596253501,-0.013060255072645011,0.03258008706942185,0.001061462073451109,0.0936825492311218,"(-0.2,0.2]",Q1,0.0,False
16,8,RUN,True,True,-0.014735042526473886,-0.04024319354872745,0.025508151022253563,-0.003528374512916448,0.006150467332140221,-0.0007034655468523311,0.0002932383503877101,0.018252916779792766,0.0003331689709700403,0.04677341520608355,"(-0.2,0.2]",Q1,0.0,False
16,9,TUMBLE,True,True,-0.011320096758179042,-0.02763305434992451,0.016312957591745468,-0.006562434656346917,0.0010626960930172121,0.008027796267400009,0.007074420540454746,0.015373092138827453,0.00023633196190887842,0.04546291187153709,"(-0.2,0.2]",Q1,0.0,False
16,10,TUMBLE,True,True,-0.05210055991202349,0.005219718322809635,-0.05732027823483313,-0.039072990269697024,-0.045155419591409056,-0.03998344108408154,-0.006547482620518658,0.019119306446230735,0.00036554787898488014,0.05732027823483313,"(-0.2,0.2]",Q1,0.0,False
16,11,TUMBLE,True,True,-0.07004547221842596,-0.014735042526473886,-0.05531042969195207,-0.03833514388332469,-0.04399357248620048,-0.05181147699995926,-0.01878958984680208,0.02794497759531374,0.0007809217728025869,0.0752651905412356,"(-0.2,0.2]",Q1,0.0,False
16,12,TUMBLE,True,True,0.18160982053544647,-0.011320096758179042,0.19292991729362552,0.2426828366006712,0.2260985301649893,0.21866011338922206,0.033396435066359365,0.09024965588635558,0.008145000387605596,0.25165529275387244,"(0.2,1]",Q2,0.0,False
16,13,TUMBLE,True,True,-0.01541222103899658,-0.05210055991202349,0.03668833887302691,-0.07119439519750684,-0.03523348384066226,-0.02744814395070108,0.022552613188583485,0.0902821961969302,0.008150874950140998,0.25165529275387244,"(-0.2,0.2]",Q2,0.0,False
16,14,RUN,True,True,0.0887536143072408,-0.07004547221842596,0.15879908652566677,0.0056548145590158555,0.05670290521456615,0.07774072246574068,0.03363415996179579,0.09506867074958662,0.009038052158093307,0.25165529275387244,"(-0.2,0.2]",Q3,0.0,False
16,15,TUMBLE,True,True,0.07135803227592998,0.18160982053544647,-0.1102517882595165,0.03468733564180787,-0.01362570565863358,0.02513159687961379,0.018995080276050635,0.08713320849681717,0.007592196022949813,0.25165529275387244,"(-0.2,0.2]",Q2,0.0,False
16,16,RUN,True,True,0.2780732233992643,-0.01541222103899658,0.2934854444382609,0.19801740010767893,0.22984008155120625,0.19649591187935916,0.0279697059042562,0.10045687630435378,0.010091583996828236,0.2934854444382609,"(0.2,1]",Q3,0.0,False
16,17,TUMBLE,True,True,0.15907640898396588,0.0887536143072408,0.07032279467672509,-0.01563921885363126,0.013014785656487504,0.05338324674810625,0.05382968691379484,0.098109189788659,0.00962541312098711,0.2934854444382609,"(-0.2,0.2]",Q3,0.0,False
16,18,TUMBLE,True,True,0.10390574879484316,0.07135803227592998,0.03254771651891318,-0.11466906739677196,-0.06559680609154359,-0.0454095709467571,0.011802264568324056,0.07492470721796897,0.0056137117516983715,0.20671519112333436,"(-0.2,0.2]",Q2,0.0,False
16,19,TUMBLE,True,True,0.06268124942075154,0.2780732233992643,-0.21539197397851279,-0.068809829468653,-0.11767054430527293,-0.0904221039427493,-0.01915210403147779,0.07911608323261653,0.006259354626070306,0.21539197397851279,"(-0.2,0.2]",Q2,0.0,True
17,0,TUMBLE,True,False,,,,,,,,,,,,,0.0,False
17,1,TUMBLE,True,True,0.1379825249731082,0.1379825249731082,0.0,,,,0.07327394410756147,0.03663697205378075,0.0013422677212695114,0.0732739441075615,,Q1,0.0,False
17,2,TUMBLE,True,True,-0.0983224882446135,0.1379825249731082,-0.23630501321772168,-0.19966804116394093,,,-0.08151553455508007,0.09876361208692394,0.009754251072456388,0.23630501321772168,,Q3,0.0,False
17,3,TUMBLE,True,True,0.054793550224293504,0.1379825249731082,-0.0831889747488147,0.03496353186004615,0.020004011026279703,,-0.02660501051414815,0.08596928748137879,0.007390718390055952,0.23630501321772168,"(-0.2,0.2]",Q2,0.0,False
17,4,TUMBLE,True,True,0.1740705576580973,0.1379825249731082,0.03608803268498911,0.1958350266682573,0.14258602867383458,0.13428001570351358,0.013553497883628649,0.09379527883011221,0.008797554330818497,0.2723930459027108,"(-0.2,0.2]",Q3,0.0,False
17,5,TUMBLE,True,True,0.03943535735223902,-0.0983224882446135,0.1377578455968525,-0.07499669658895639,-0.004078515860353425,-0.027695678800482362,0.007529871066097225,0.09444227604391307,0.008919343504354678,0.2723930459027108,"(-0.2,0.2]",Q3,0.0,False
17,6,TUMBLE,True,True,-0.01630356264824061,0.054793550224293504,-0.07109711287253412,-0.12305652015340877,-0.10573671772645055,-0.058797806895744695,0.01486796583206914,0.08951877321950676,0.00801361075872548,0.2723930459027108,"(-0.2,0.2]",Q2,0.0,False
17,7,TUMBLE,True,True,0.013173359246505225,0.1740705576580973,-0.16089719841159209,0.0016074618945060206,-0.052560758207526675,-0.049825616400092074,-0.027361450226191436,0.06516814507678442,0.004246887132748822,0.19037412030633794,"(-0.2,0.2]",Q2,0.0,False
17,8,RUN,True,True,-0.16085740035057813,0.03943535735223902,-0.20029275770281715,-0.15929229864971045,-0.17295911833407934,-0.21345132825272836,-0.06961179141230849,0.10740553116049402,0.011535948123867852,0.3349279580086755,"(-0.2,0.2]",Q3,0.0,False
17,9,TUMBLE,True,True,-0.044930076700107874,-0.01630356264824061,-0.028626514051867263,0.02891194385192858,0.009732457883996633,-0.013792015100089247,-0.03132847058070313,0.06948878244651896,0.004828690885899642,0.20029275770281715,"(-0.2,0.2]",Q2,0.0,False
17,10,RUN,True,True,0.03196559089507264,0.013173359246505225,0.018792231648567418,0.13485932942041565,0.09617029682979956,0.084195011008178,0.0038434871140013327,0.06795961917229244,0.0046185098380430185,0.19282299124565078,"(-0.2,0.2]",Q2,0.0,False
17,11,TUMBLE,True,True,-0.17001810175675813,-0.16085740035057813,-0.00916070140618,-0.16353585885424052,-0.11207747303822035,-0.1298559700294811,-0.017355993076087598,0.08500261466243703,0.007225444499450754,0.20198369265183078,"(-0.2,0.2]",Q2,0.0,False
17,12,TUMBLE,True,True,-0.0646809195087832,-0.044930076700107874,-0.019750842808675326,0.0043453359220595456,-0.003686723654852078,0.021279077469309668,0.006726493662693974,0.07566706543077673,0.005725504790905446,0.20198369265183078,"(-0.2,0.2]",Q2,0.0,False
17,13,TUMBLE,True,True,0.1950702684709184,0.03196559089507264,0.16310467757584576,0.31241977910368907,0.262648078594408,0.25698614523856256,0.038335417993819655,0.12135030857732325,0.014725897391811573,0.36508837022767654,"(0.2,1]",Q4,0.0,False
17,14,RUN,True,True,-0.04007443243191473,-0.17001810175675813,0.1299436693248434,-0.10526910691298234,-0.026864848167040427,-0.03815864195702716,0.022100832357370162,0.12109018908919864,0.01466283389365788,0.36508837022767654,"(-0.2,0.2]",Q4,0.0,False
17,15,RUN,True,True,0.05807930447937488,-0.0646809195087832,0.12276022398815808,-0.019418613540126965,0.027974332302634717,0.0780051007860093,0.04808012995491345,0.12331085371095585,0.015205566642924754,0.36508837022767654,"(-0.2,0.2]",Q4,0.0,False
17,16,TUMBLE,True,True,0.15276631008881875,0.1950702684709184,-0.04230395838209966,0.14376387406508867,0.08174126324935922,0.1156677548364199,0.02979034952036604,0.10238477341208825,0.010482641826644653,0.2597511879797016,"(-0.2,0.2]",Q3,0.0,False
17,17,TUMBLE,True,True,0.23396940308502828,-0.04007443243191473,0.274043835516943,0.12854659580093147,0.17704567570626864,0.14250904043322896,0.027063901174895294,0.09915259998767807,0.009831238084316497,0.274043835516943,"(-0.2,0.2]",Q3,0.0,False
17,18,TUMBLE,True,True,0.09835037860937004,0.05807930447937488,0.040271074129995164,-0.09501747797755347,-0.049921293941703915,-0.0028347676959567525,0.0452739720688223,0.09177263886001762,0.008422217243331215,0.274043835516943,"(-0.2,0.2]",Q2,0.0,False
17,19,TUMBLE,True,True,-0.02378422716013623,0.15276631008881875,-0.17655053724895498,-0.1899441180073354,-0.18547959108787523,-0.15957557622578422,-0.021814299475847072,0.08687871932468866,0.007547911871498031,0.2577536302451645,"(-0.2,0.2]",Q2,0.0,True
18,0,TUMBLE,True,False,,,,,,,,,,,,,0.0,False
18,1,TUMBLE,True,True,0.03129435067682368,0.03129435067682368,0.0,,,,-0.07745027439420862,0.03872513719710431,0.001499636250934552,0.07745027439420862,,Q1,0.0,False
18,2,TUMBLE,True,True,0.11990792419534763,0.03129435067682368,0.08861357351852395,0.049888436321419635,,,0.00558164956215765,0.03940604812969704,0.0015528366291999993,0.08861357351852395,,Q1,0.0,False
18,3,RUN,True,True,-0.0436913711211315,0.03129435067682368,-0.07498572179795518,-0.11929250855721715,-0.13034033776886605,,-0.03686944150579676,0.06595445895630667,0.00434999065621914,0.16359929531647913,"(-0.2,0.2]",Q2,0.0,False
18,4,RUN,True,True,-0.14705099014483108,0.03129435067682368,-0.17834534082165476,-0.18515926668193916,-0.18288795806184435,-0.2011148723503491,-0.058657695222968174,0.09975742190862225,0.009951543225854866,0.2669589143401787,"(-0.2,0.2]",Q3,0.0,False
18,5,TUMBLE,True,True,-0.14785943169902943,0.11990792419534763,-0.26776735589437706,-0.05248825106604814,-0.12424795267549112,-0.13797441010058162,-0.06252664790918848,0.10366182706108991,0.010745774389643312,0.26776735589437706,"(-0.2,0.2]",Q3,0.0,False
18,6,TUMBLE,True,True,0.06943004800811292,-0.0436913711211315,0.11312141912924442,0.21688525893004318,0.18229731232977692,0.12410351520052401,-0.02051238129523675,0.10967027433991362,0.012027569073791917,0.26776735589437706,"(-0.2,0.2]",Q3,0.0,False
18,7,RUN,True,True,0.007607475155095217,-0.14705099014483108,0.1546584652999263,0.04682216700055347,0.08276759976701108,0.074900411394315,0.03190787307053974,0.08554597939428338,0.007318114590527156,0.21728947970714235,"(-0.2,0.2]",Q2,0.0,False
18,8,RUN,True,True,-0.1351797498806963,-0.14785943169902943,0.012679681818333122,-0.17369851146230036,-0.11157244703542255,-0.08071152521053321,0.017920938738239422,0.0913336090780939,0.008341828147230076,0.21728947970714235,"(-0.2,0.2]",Q2,0.0,False
18,9,TUMBLE,True,True,0.017749516124806984,0.06943004800811292,-0.05168053188330594,0.08153565348760752,0.03713025836396971,0.06924993072893638,0.012660809775886366,0.08745473465970029,0.007648330614398582,0.21728947970714235,"(-0.2,0.2]",Q2,0.0,False
18,10,RUN,True,True,0.0443996971678069,0.007607475155095217,0.036792222012711685,0.10311481404575157,0.0810072833680716,0.0544978748159772,-0.003991866071090035,0.07132340045935412,0.005087027453085396,0.20460979788880923,"(-0.2,0.2]",Q2,0.0,False
18,11,TUMBLE,True,True,0.05158645982962083,-0.1351797498806963,0.18676620971031715,0.02051185318331389,0.0759299720256483,0.06794222518786763,0.026753741639755434,0.06817725341529647,0.004648137883253555,0.18676620971031715,"(-0.2,0.2]",Q2,0.0,False
18,12,RUN,True,True,0.12244498591249692,0.017749516124806984,0.10469546978768993,0.07445190741378305,0.08453309487175201,0.12780600510211232,0.05490864152912002,0.08505720885608893,0.007234728778388333,0.2576247357931932,"(-0.2,0.2]",Q2,0.0,False
18,13,TUMBLE,True,True,0.017346750606344163,0.0443996971678069,-0.02705294656146274,-0.06966897226471472,-0.05546363036363072,-0.04169841415233874,0.00772397577077644,0.038434349514095655,0.0014771992225716649,0.10509823530615275,"(-0.2,0.2]",Q1,0.0,False
18,14,RUN,True,True,0.06012413758689439,0.05158645982962083,0.008537677757273557,-0.009771730672526152,-0.0036685945292595917,0.001179664207827183,-0.0002790828385101655,0.034726041514772876,0.0012058979592857292,0.10509823530615275,"(-0.2,0.2]",Q1,0.0,False
18,15,TUMBLE,True,True,0.13643188053647354,0.12244498591249692,0.01398689462397662,0.09769643643985426,0.06979325583456171,0.07355629705263446,0.010736999308810277,0.044910636079161945,0.0020169652330349224,0.11908512993012937,"(-0.2,0.2]",Q1,0.0,False
18,16,RUN,True,True,0.04775838537468405,0.017346750606344163,0.030411634768339885,-0.050519623686999915,-0.02354253753521998,-0.036328553285868204,-0.0030288071145496485,0.045377554567997795,0.0020591224585716178,0.11908512993012937,"(-0.2,0.2]",Q1,0.0,False
18,17,TUMBLE,True,True,0.05143582710888861,0.06012413758689439,-0.008688310478005778,-0.04065930584669018,-0.030002307390462044,-0.013979461417210431,0.005581240079287861,0.03962333519249235,0.001570008691776603,0.11908512993012937,"(-0.2,0.2]",Q1,0.0,False
18,18,TUMBLE,True,True,0.2754754620217234,0.13643188053647354,0.13904358148524987,0.2258783557799371,0.19693343101504135,0.20153790436998825,0.03457065954420731,0.08692761290121948,0.007556409884704259,0.22771707664703936,"(-0.2,0.2]",Q2,0.0,False
18,19,TUMBLE,True,True,0.2797207188621704,0.04775838537468405,0.23196233348748638,0.11626507429686442,0.15483082736040504,0.15194533010172803,0.051429475329843294,0.10255788869416393,0.010518120533404519,0.23196233348748638,"(-0.2,0.2]",Q3,0.0,True
19,0,TUMBLE,True,False,,,,,,,,,,,,,0.0,False
19,1,TUMBLE,True,True,0.08594672499937903,0.08594672499937903,0.0,,,,-0.07334314578352734,0.03667157289176366,0.0013448042583559354,0.07334314578352732,,Q1,0.0,False
19,2,RUN,True,True,0.15384715002373445,0.08594672499937903,0.06790042502435542,0.03122885213259176,,,-0.00272136037958599,0.03336549775037777,0.001113256440130464,0.07334314578352732,,Q1,0.0,False
19,3,RUN,True,True,0.16738819754803963,0.08594672499937903,0.0814414725486606,0.047491260036482894,0.034360282279366355,,0.009219540531975521,0.032500927175734905,0.0010563102672824236,0.0814414725486606,"(-0.2,0.2]",Q1,0.0,False
19,4,TUMBLE,True,True,-0.12335231082045907,0.08594672499937903,-0.2092990358198381,-0.2839699846063461,-0.2590796683441768,-0.2649702966589739,-0.048384289065807023,0.10990236353997616,0.012078529511673082,0.2907405083684987,"(-1,-0.2]",Q3,0.0,False
19,5,RUN,True,True,-0.006630322045422979,0.15384715002373445,-0.1604774720691574,-0.02864826540921326,-0.07259133429586132,-0.0775877624830965,-0.046235355493379746,0.10859690756878466,0.01179328833350316,0.2907405083684987,"(-0.2,0.2]",Q3,0.0,False
19,6,TUMBLE,True,True,0.1451836525277454,0.16738819754803963,-0.02220454502029423,0.21017496896068644,0.1327151309670262,0.09737047385127238,-0.019134551458544088,0.11435726048293034,0.01307758302516078,0.2907405083684987,"(-0.2,0.2]",Q3,0.0,False
19,7,RUN,True,True,0.0589316374629113,-0.12335231082045907,0.18228394828337036,-0.010345027778249916,0.05386463090895685,0.013284333160435556,0.005162284317794764,0.1059842711354232,0.0112326657281069,0.2907405083684987,"(-0.2,0.2]",Q3,0.0,False
19,8,RUN,True,True,0.021765543095687588,-0.006630322045422979,0.028395865141110567,-0.08029210189964076,-0.04406277955272366,0.0032323788144939247,0.035579766734062775,0.08768743412334032,0.007689086103135148,0.26853596334820445,"(-0.2,0.2]",Q2,0.0,False
19,9,RUN,True,True,0.15694359225181703,0.1451836525277454,0.011759939724071633,0.11659500197251758,0.0816499812230356,0.1021309644915867,0.02037297191624222,0.06541532140178245,0.004279164274098498,0.16357391429724,"(-0.2,0.2]",Q2,0.0,False
19,10,TUMBLE,True,True,-0.07555039044176948,0.0589316374629113,-0.13448202790468078,-0.1649049581155218,-0.15476398137857478,-0.1712564967763098,-0.03434561311501241,0.0854173938517372,0.007296131172422792,0.2324939826935865,"(-0.2,0.2]",Q2,0.0,False
19,11,TUMBLE,True,True,0.1022954511772025,0.021765543095687588,0.08052990808151492,0.06159885027217872,0.06790920287529079,0.061772855585040885,-0.001058830610887469,0.07844770862264801,0.006154042988143883,0.2324939826935865,"(-0.2,0.2]",Q2,0.0,False
19,12,TUMBLE,True,True,0.2851587190688072,0.15694359225181703,0.12821512681699015,0.27178618870109067,0.22392916807305716,0.23379517004807276,0.047213821087162454,0.1220266687251851,0.014890507880166068,0.36070910951057666,"(0.2,1]",Q4,0.0,False
19,13,TUMBLE,True,True,0.09582961492586083,-0.07555039044176948,0.17138000536763032,-0.09789747019714402,-0.008138311675552581,-0.021382228088153488,0.023848115485866406,0.11621557744877581,0.013506060441752408,0.36070910951057666,"(-0.2,0.2]",Q3,0.0,False
19,14,TUMBLE,True,True,-0.12608496467016062,0.1022954511772025,-0.22838041584736313,-0.31657913166749463,-0.2871795597274508,-0.22801831335268588,-0.010753498470812372,0.1460844150962605,0.02134065633401654,0.4112436837389678,"(-1,-0.2]",Q4,0.0,False
19,15,RUN,True,True,0.13947073071143384,0.2851587190688072,-0.14568798835737334,0.15459840558358373,0.054502940936598035,0.05017102558600636,-0.03368931246705051,0.13189127636803952,0.017395308781990578,0.4112436837389678,"(-0.2,0.2]",Q4,0.0,False
19,16,TUMBLE,True,True,0.06136552859267416,0.09582961492586083,-0.034464086333186664,0.05467264557203755,0.02496040160362948,-0.03722799641631115,-0.04039452651666931,0.13272100020554944,0.017614863895561456,0.4112436837389678,"(-0.2,0.2]",Q4,0.0,False
19,17,RUN,True,True,0.0737593095341281,-0.12608496467016062,0.1998442742042887,-0.026658820117925905,0.0488422113228123,0.031114082144176047,0.014330988247936917,0.09143145350144094,0.008359710689386157,0.26555569538159446,"(-0.2,0.2]",Q2,0.0,False
19,18,RUN,True,True,-0.16894307624390853,0.13947073071143384,-0.3084138069553424,-0.23650549530730966,-0.26047493252332055,-0.2060707272859274,-0.015142764432480135,0.1208419899796389,0.014602786542239147,0.3084138069553424,"(-1,-0.2]",Q4,0.0,False
19,19,RUN,True,True,-0.013960568090105534,0.06136552859267416,-0.0753260966827797,0.03363131526478468,-0.002687822051070111,-0.04037369123868743,-0.05371712024396616,0.10555891931607381,0.01114268544717738,0.3084138069553424,"(-0.2,0.2]",Q3,0.0,True
20,0,TUMBLE,True,False,,,,,,,,,,,,,0.0,False
20,1,TUMBLE,True,True,0.10844356473418805,0.10844356473418805,0.0,,,,0.023906007300485012,0.011953003650242516,0.00014287429626271093,0.023906007300485033,,Q1,0.0,False
20,2,TUMBLE,True,True,0.16433130934279186,0.10844356473418805,0.05588774460860381,0.06784074825884633,,,0.03989687595454441,0.03343647380766596,0.001117997780690732,0.07979375190908884,,Q1,0.0,False
20,3,TUMBLE,True,True,0.13859024882603738,0.10844356473418805,0.030146684091849327,0.002202811787547415,0.019486104989143063,,0.02180458187856069,0.030161127953908344,0.0009096936394520313,0.07979375190908884,"(-0.2,0.2]",Q1,0.0,False
20,4,RUN,True,True,0.20144283258885018,0.10844356473418805,0.09299926785466213,0.04998205350443555,0.06432112495451109,0.0774671625046701,0.026395723440214357,0.04108455566518421,0.0016879407142056197,0.11690527515514716,"(-0.2,0.2]",Q1,0.0,False
20,5,TUMBLE,True,True,0.32393390277115597,0.16433130934279186,0.1596025934283641,0.1539173620637122,0.1558124391852628,0.1707319138981891,0.046809219931999414,0.07481626747412241,0.005597473878759428,0.21549033803696793,"(-0.2,0.2]",Q2,0.0,False
20,6,RUN,True,True,0.308218021665402,0.13859024882603738,0.16962777283936464,0.04552965398539893,0.08689569360338753,0.10114344828319316,0.04731170785903387,0.07535105361539193,0.00567778128094967,0.1853436539451186,"(-0.2,0.2]",Q2,0.0,False
20,7,TUMBLE,True,True,0.8249629425821567,0.20144283258885018,0.6235201099933065,0.5088869803638778,0.5470980235736873,0.5819166911192953,0.14795205765887903,0.24262469002018702,0.05886674020739184,0.6863726937561194,"(0.2,1]",Q4,1.0,True
21,0,RUN,True,False,,,,,,,,,,,,,0.0,False
21,1,RUN,True,True,0.2722998794790919,0.2722998794790919,0.0,,,,0.04390619878264057,0.021953099391320313,0.0004819385728851883,0.043906198782640626,,Q1,0.0,False
21,2,RUN,True,True,0.16280330283424294,0.2722998794790919,-0.10949657664484896,-0.08754347725352862,,,-0.03279518893110419,0.04499302693700844,0.002024372472954367,0.10949657664484896,,Q1,0.0,False
21,3,TUMBLE,True,True,0.20093022208404057,0.2722998794790919,-0.07136965739505133,-0.016621369072626846,-0.020235398919221437,,-0.019188695248208147,0.03993814262684271,0.001595055236482031,0.10949657664484896,"(-0.2,0.2]",Q1,0.0,False
21,4,TUMBLE,True,True,-0.15111282443332952,0.2722998794790919,-0.4234127039124214,-0.33297958689247126,-0.36312395923245466,-0.3672195957067862,-0.08303826676546128,0.1511690485005264,0.022852081224554503,0.4234127039124214,"(-1,-0.2]",Q4,0.0,False
21,5,TUMBLE,True,True,0.12034783709058766,0.16280330283424294,-0.042455465743655274,0.09543913826523213,0.04947427026226968,-0.0008823079004238177,-0.06178202120445812,0.14496469238310727,0.02101476203772892,0.4234127039124214,"(-0.2,0.2]",Q4,0.0,False
21,6,TUMBLE,True,True,-0.1893928901014829,0.20093022208404057,-0.3903231121855235,-0.17401039643011199,-0.24611463501524916,-0.2726350244953683,-0.07849747708649048,0.16488992126419028,0.027188686134510868,0.3903231121855235,"(-1,-0.2]",Q4,0.0,False
21,7,TUMBLE,True,True,0.015769128257208886,-0.15111282443332952,0.1668819526905384,0.05029165476265651,0.08915508740528381,0.020576042097254936,-0.04086022533218169,0.1508692027501856,0.022761516338476607,0.3903231121855235,"(-0.2,0.2]",Q4,0.0,False
21,8,TUMBLE,True,True,-0.0016087727907627934,0.12034783709058766,-0.12195660988135046,0.08520310813137422,0.01614986879379933,0.049488414505991174,0.019442939445175476,0.11397597305158733,0.01299052243305616,0.3097407271920706,"(-0.2,0.2]",Q3,0.0,False
21,9,RUN,True,True,-0.04543337813009424,-0.1893928901014829,0.14395951197138868,-0.05251355586331728,0.01297746674825137,-0.03171220374398195,-0.014377831313064379,0.10065383336581181,0.010131194171232611,0.3097407271920706,"(-0.2,0.2]",Q3,0.0,False
21,10,TUMBLE,True,True,-0.06983747237362328,0.015769128257208886,-0.08560660063083217,-0.046316396913194766,-0.05941313148574057,-0.014670994182340517,0.017790832906841636,0.07236565679562457,0.005236788283462124,0.2051620183586918,"(-0.2,0.2]",Q2,0.0,False
21,11,RUN,True,True,0.028955127226090182,-0.0016087727907627934,0.030563900016852975,0.08659055247794895,0.06791500165758362,0.05423275098540804,-0.004185670164509792,0.03738940471208126,0.0013979675847238045,0.09879259959971347,"(-0.2,0.2]",Q1,0.0,False
21,12,TUMBLE,True,True,0.0038682842835108186,-0.04543337813009424,0.049301662413605056,0.024309456857277367,0.03264019204271993,0.02584940830060835,0.008534261950473156,0.035733251220098204,0.0012768652427586498,0.09879259959971347,"(-0.2,0.2]",Q1,0.0,False
21,13,TUMBLE,True,True,-0.12663568469994835,-0.06983747237362328,-0.056798212326325065,-0.14304739045474885,-0.11429766441194092,-0.10602382495141921,-0.008869885648257407,0.054933184012065144,0.0030176547057034096,0.15559081192603852,"(-0.2,0.2]",Q1,0.0,False
21,14,TUMBLE,True,True,0.023985423222551323,0.028955127226090182,-0.004969704003538859,0.08536912343077008,0.05525618095266711,0.06489785961354398,0.003205497926631074,0.06073105983446326,0.0036882616286171566,0.15559081192603852,"(-0.2,0.2]",Q1,0.0,False
21,15,TUMBLE,True,True,0.11684045934401441,0.0038682842835108186,0.11297217506050358,0.16816559008271292,0.1497677850753098,0.1342971718359634,0.019588780317488882,0.07832610960461539,0.006134979445794223,0.24347614404396276,"(-0.2,0.2]",Q2,0.0,False
21,16,TUMBLE,True,True,-0.09629371295881077,-0.12663568469994835,0.030341971741137577,-0.16670665424209363,-0.1010237789143499,-0.10080833349634283,0.00431521495593195,0.08755213602998416,0.00766537652341285,0.24347614404396276,"(-0.2,0.2]",Q2,0.0,False
21,17,RUN,True,True,0.05819565952077817,0.023985423222551323,0.034210236298226844,0.04792228632817635,0.04335160298485985,0.07872153829382651,0.024938355226009106,0.09252944065232144,0.008561697387431476,0.24347614404396276,"(-0.2,0.2]",Q2,0.0,False
21,18,RUN,True,True,0.09870616909763455,0.11684045934401441,-0.01813429024637986,0.11775519581665085,0.07245870046230728,0.07302421181550127,0.00907966919269302,0.07551686447276826,0.005702796819798448,0.21313417230282516,"(-0.2,0.2]",Q2,0.0,False
21,19,TUMBLE,True,True,0.02460611521574841,-0.09629371295881077,0.12089982817455919,-0.053844799093457955,0.004403409995881093,-0.01975602853515568,0.0010531193799913196,0.07549047097241517,0.005698811207637057,0.21313417230282516,"(-0.2,0.2]",Q2,0.0,True
22,0,TUMBLE,True,False,,,,,,,,,,,,,0.0,False
22,1,TUMBLE,True,True,0.5119279809888169,0.5119279809888169,0.0,,,,0.1433111606146518,0.07165558030732594,0.005134522189179637,0.14331116061465188,,Q2,1.0,True
23,0,TUMBLE,True,False,,,,,,,,,,,,,0.0,False
23,1,TUMBLE,True,True,0.0720748134065393,0.0720748134065393,0.0,,,,0.07289265317177104,0.03644632658588553,0.0013283347216050262,0.07289265317177106,,Q1,0.0,False
23,2,TUMBLE,True,True,0.13828475363797263,0.0720748134065393,0.06620994023143333,0.10265626681731885,,,0.06955129670160218,0.05681023632660978,0.0032274029514852537,0.13910259340320438,,Q1,0.0,False
23,3,RUN,True,True,-0.11916372502754628,0.0720748134065393,-0.1912385384340856,-0.22434350854980223,-0.189010967453973,,-0.028882771555551034,0.09549354456960807,0.009119017054467722,0.2574484786655189,"(-0.2,0.2]",Q3,0.0,False
23,4,TUMBLE,True,True,-0.1464709100393239,0.0720748134065393,-0.2185457234458632,-0.15603142434453707,-0.1768695240449791,-0.16906541060225735,-0.048254467898226974,0.10894269931258248,0.011868511733511758,0.28475566367729654,"(-0.2,0.2]",Q3,0.0,False
23,5,RUN,True,True,0.11427957755623672,0.13828475363797263,-0.024005176081735913,0.2470968950896718,0.1567295380325359,0.12809834456182628,-0.020034613537790173,0.120278583366995,0.014466937616771166,0.28475566367729654,"(-0.2,0.2]",Q4,0.0,False
23,6,RUN,True,True,-0.09248146590481517,-0.11916372502754628,0.026682259122731117,-0.07638579966327158,-0.042029780067937346,-0.08921388993664997,-0.02280891365017928,0.12178735739033597,0.01483216042012142,0.28475566367729654,"(-0.2,0.2]",Q4,0.0,False
23,7,TUMBLE,True,True,0.06523777766713601,-0.1464709100393239,0.2117086877064599,0.054338721841425235,0.10679537712977012,0.12619690852099819,0.042279244952387315,0.10501697907566791,0.011028565894179273,0.26075048759556063,"(-0.2,0.2]",Q3,0.0,False
23,8,TUMBLE,True,True,0.2048796354832945,0.11427957755623672,0.09060005792705778,0.21850147960213406,0.17586767237710865,0.21973839066348608,0.0653659291156136,0.13043555983558575,0.01701343526962267,0.35135054552261835,"(-0.2,0.2]",Q4,0.0,False
23,9,RUN,True,True,0.02814434096897934,-0.09248146590481517,0.12062580687379451,-0.10691436560623589,-0.031067641446225768,-0.04483454023148367,0.012509062821359477,0.09813125541455113,0.009629743289235871,0.29736110138810967,"(-0.2,0.2]",Q3,0.0,False
23,10,TUMBLE,True,True,0.04264398052713224,0.06523777766713601,-0.02259379714000377,-0.07386800769900467,-0.05677660417933769,-0.008801091526516425,0.023315745616573822,0.09492327823081337,0.009010428750084407,0.29736110138810967,"(-0.2,0.2]",Q3,0.0,False
23,11,TUMBLE,True,True,0.02840495190874678,0.2048796354832945,-0.1764746835745477,-0.006989208839309011,-0.06348436708438857,-0.05682148175288873,-0.023590130647294063,0.06688947649165951,0.00447420206532827,0.17673529451431516,"(-0.2,0.2]",Q2,0.0,False
23,12,TUMBLE,True,True,0.23021598561396184,0.02814434096897934,0.2020716446449825,0.19469151939602233,0.19715156114567572,0.15419775839192362,0.005093331120110184,0.09088409630626468,0.008259918961406394,0.2020716446449825,"(-0.2,0.2]",Q2,0.0,False
23,13,RUN,True,True,-0.0013636492182946634,0.04264398052713224,-0.0440076297454269,-0.13067411797964895,-0.10178528856824162,-0.08371596397299973,0.012855602471228163,0.08354152194715336,0.006979185889246707,0.2315796348322565,"(-0.2,0.2]",Q2,0.0,False
23,14,RUN,True,True,-0.01814745011180833,0.02840495190874678,-0.046552402020555106,-0.13257361830964193,-0.10389987954661298,-0.09312276731969488,-0.015135146240492251,0.08953088518769896,0.008015779402492932,0.24836343572577016,"(-0.2,0.2]",Q2,0.0,False
23,15,TUMBLE,True,True,-0.06527915495458782,0.23021598561396184,-0.29549514056854964,-0.05552360528953632,-0.13551411704920743,-0.12505661450273922,-0.04357316494524391,0.10232827331141975,0.01047107551889662,0.29549514056854964,"(-0.2,0.2]",Q3,0.0,False
23,16,TUMBLE,True,True,0.022769902780644478,-0.0013636492182946634,0.024133551998939143,0.06448320531384255,0.05103332087554141,-0.013586530051673287,-0.04788076714029281,0.10242311437801213,0.010490494358891355,0.29549514056854964,"(-0.2,0.2]",Q3,0.0,False
23,17,TUMBLE,True,True,0.17796773668120308,-0.01814745011180833,0.1961151867930114,0.19922236276817476,0.19818663744312032,0.19347282455721465,0.03995801246914482,0.08257697270125887,0.006818956420504453,0.24324689163579089,"(-0.2,0.2]",Q2,0.0,False
23,18,RUN,True,True,-0.1332441149397307,-0.06527915495458782,-0.06796495998514289,-0.23361293467065447,-0.1783969431088173,-0.16257187353859356,0.0013053561979946154,0.10438860411382248,0.010896980668832355,0.3112118516209338,"(-0.2,0.2]",Q3,0.0,False
23,19,TUMBLE,True,True,0.07572186544188697,0.022769902780644478,0.052951962661242497,0.05336005457115078,0.05322402393451468,0.07516827305000472,0.01259880230725745,0.10837466084859315,0.011745067114047589,0.3112118516209338,"(-0.2,0.2]",Q3,0.0,True
24,0,TUMBLE,True,False,,,,,,,,,,,,,0.0,False
24,1,TUMBLE,True,True,0.11582723458212435,0.11582723458212435,0.0,,,,-0.07471710212016369,0.03735855106008183,0.0013956613373087413,0.07471710212016366,,Q1,0.0,False
24,2,TUMBLE,True,True,0.15580914473394436,0.11582723458212435,0.03998191015182001,0.0026233590917381644,,,-0.01736759598417184,0.030528187429726975,0.0009319702277445401,0.07471710212016366,,Q1,0.0,False
24,3,TUMBLE,True,True,0.05134730786879654,0.11582723458212435,-0.0644799267133278,-0.08447088178923781,-0.10271293080398905,,-0.03776091763486547,0.051740627892866736,0.002677092574748099,0.13919702883349147,"(-0.2,0.2]",Q1,0.0,False
24,4,RUN,True,True,0.03442647215427556,0.11582723458212435,-0.0814007624278488,-0.0691517541470949,-0.07323475690734618,-0.09395553381751279,-0.03767156558093528,0.059616246387942655,0.0035540968333878857,0.15611786454801246,"(-0.2,0.2]",Q1,0.0,False
24,5,TUMBLE,True,True,0.11189311331294667,0.15580914473394436,-0.04391603142099769,0.06900622330141062,0.031365471727274524,0.022540573478161463,-0.012925091511802421,0.044688079677918095,0.001997024465299956,0.12138267257966881,"(-0.2,0.2]",Q1,0.0,False
24,6,TUMBLE,True,True,0.3380027527559778,0.05134730786879654,0.28665544488718125,0.2648429600223667,0.2721137883106382,0.24963374323848703,0.042493302148821674,0.10884444279626482,0.011847112727629365,0.3035762806017022,"(0.2,1]",Q3,0.0,False
24,7,TUMBLE,True,True,0.13473608466469672,0.03442647215427556,0.10030961251042117,-0.09021184836976551,-0.026704694743036633,0.0008186731416975901,0.04703538341935024,0.10849212084970393,0.011770540286466763,0.3035762806017022,"(-0.2,0.2]",Q3,0.0,False
24,8,TUMBLE,True,True,0.12466271830858844,0.11189311331294667,0.012769604995641767,-0.11170670040174882,-0.07021459860261861,-0.030101887413385764,0.020331546366037595,0.10101632574669309,0.010204298067362009,0.3035762806017022,"(-0.2,0.2]",Q3,0.0,False
24,9,TUMBLE,True,True,0.13720190000041244,0.3380027527559778,-0.20080085275556536,0.007502498513769856,-0.061931951909341865,-0.04012176726013997,-0.016272246107245765,0.08482170548612945,0.007194721721575683,0.22610963944303114,"(-0.2,0.2]",Q2,0.0,False
24,10,RUN,True,True,0.17978193809462334,0.13473608466469672,0.04504585342992662,0.0488496289401229,0.047581703770057465,-0.003868925837795495,-0.03139758139869935,0.0798326294924776,0.006373248731683205,0.21334003444738936,"(-0.2,0.2]",Q2,0.0,False
24,11,TUMBLE,True,True,0.07348201303382136,0.12466271830858844,-0.05118070527476708,-0.08500990601369653,-0.0737335057673867,-0.07061364723325887,-0.006738892347571571,0.0339861883266842,0.0011550609969768456,0.10629992506080198,"(-0.2,0.2]",Q1,0.0,False
24,12,RUN,True,True,-0.04482710845544825,0.13720190000041244,-0.18202900845586067,-0.17145908401967058,-0.17498239216506728,-0.17360925081480966,-0.04026995404946644,0.07727752974375877,0.005971816603297522,0.22460904655007158,"(-0.2,0.2]",Q2,0.0,False
24,13,TUMBLE,True,True,0.005353250501588247,0.17978193809462334,-0.1744286875930351,-0.008974201787598307,-0.06412569705607724,-0.08105643516676397,-0.048830634554772,0.0823948590108663,0.006788912791420534,0.22460904655007158,"(-0.2,0.2]",Q2,0.0,False
24,14,TUMBLE,True,True,-0.019681594416129128,0.07348201303382136,-0.09316360744995049,5.533456080087512e-05,-0.031017646109449577,-0.0731291177097753,-0.04670558275537381,0.08076016561236075,0.006522204349735937,0.22460904655007158,"(-0.2,0.2]",Q2,0.0,False
24,15,RUN,True,True,-0.009686969579794924,-0.04482710845544825,0.03514013887565333,-0.0025227976225244836,0.010031514543534788,-0.01326860974575298,-0.014119245118791349,0.0397860039718176,0.0015829261120454859,0.11830912148926961,"(-0.2,0.2]",Q1,0.0,False
24,16,TUMBLE,True,True,0.05872377739050866,0.005353250501588247,0.05337052688892041,0.07340805938847068,0.0667288818886206,0.07593438287795468,0.019206155161053066,0.03448864775336017,0.0011894668238553556,0.10355088584595691,"(-0.2,0.2]",Q1,0.0,False
24,17,TUMBLE,True,True,0.3012993561172331,-0.019681594416129128,0.3209809505333622,0.2767809522118762,0.29151428498570486,0.2926222401431899,0.06702975830379272,0.12013275393078326,0.014431878566994122,0.3209809505333622,"(0.2,1]",Q4,0.0,False
24,18,RUN,True,True,0.42215170444195466,-0.009686969579794924,0.4318386740217496,0.2421401376880838,0.30537298313263905,0.33948806206400023,0.11946529234131952,0.17865026779072296,0.03191591818169703,0.44183329885808376,"(0.2,1]",Q4,1.0,True
25,0,TUMBLE,True,False,,,,,,,,,,,,,0.0,False
25,1,RUN,True,True,-0.16857916429721284,-0.16857916429721284,0.0,,,,-0.32500907171510257,0.16250453585755129,0.026407724174278172,0.32500907171510257,,Q4,0.0,False
25,2,RUN,True,True,0.20304128061447962,-0.16857916429721284,0.37162044491169244,0.20911590905414118,,,0.023305686598294868,0.16529612211783526,0.027322807987194307,0.37162044491169244,,Q4,0.0,False
25,3,TUMBLE,True,True,0.2869429041929658,-0.16857916429721284,0.4555220684901786,0.2697118460343324,0.2233122296145803,,0.07631594352369206,0.1727495932579576,0.029842421970789793,0.4555220684901786,"(0.2,1]",Q4,0.0,False
25,4,RUN,True,True,0.4016541883095538,-0.16857916429721284,0.5702333526067667,0.15666209590583108,0.2945191814728096,0.2821954563275232,0.09459706302735066,0.1913515656276052,0.036615421668135695,0.5702333526067667,"(0.2,1]",Q4,0.0,False
25,5,RUN,True,True,0.44872468194298504,0.20304128061447962,0.2456834013285054,0.10442613569172526,0.1515118909039853,0.2679598797380385,0.143322060017547,0.2191097242828898,0.048009071275323986,0.6173038462401979,"(-0.2,0.2]",Q4,1.0,True
26,0,RUN,True,False,,,,,,,,,,,,,0.0,False
26,1,RUN,True,True,0.11269468896530625,0.11269468896530625,0.0,,,,0.019139995659977697,0.009569997829988859,9.158485846599147e-05,0.019139995659977718,,Q1,0.0,False
26,2,TUMBLE,True,True,0.20062613306601818,0.11269468896530625,0.08793144410071192,0.09750144193070079,,,0.05353571988034482,0.04662208764562563,0.002173619056436398,0.10707143976068964,,Q1,0.0,False
26,3,TUMBLE,True,True,0.12655129804005186,0.11269468896530625,0.013856609074745604,-0.030109112975610364,-0.00907387373883245,,0.018692125830488193,0.04056663825664015,0.0016456521394451,0.10707143976068964,"(-0.2,0.2]",Q1,0.0,False
26,4,RUN,True,True,-0.03763763239885147,0.11269468896530625,-0.15033232136415772,-0.2012263479518865,-0.18426167242264357,-0.1709943357430277,-0.024852804233361434,0.07742591148025295,0.005994771768547965,0.23826376546486966,"(-0.2,0.2]",Q2,0.0,False
26,5,TUMBLE,True,True,0.1631918244957059,0.20062613306601818,-0.03743430857031227,0.1187349916751057,0.0666785582599664,0.0626332025775747,-0.013726949440407032,0.08133012883554043,0.006614589856405605,0.23826376546486966,"(-0.2,0.2]",Q2,0.0,False
26,6,RUN,True,True,0.15185879400177432,0.12655129804005186,0.025307495961722465,0.08908169795334711,0.06782363062280555,0.038675888201043215,-0.006089415167283375,0.08278818521986939,0.0068538836119994,0.23826376546486966,"(-0.2,0.2]",Q2,0.0,False
26,7,RUN,True,True,0.009218396402506941,-0.03763763239885147,0.04685602880135841,-0.14830691284623318,-0.08325259896370263,-0.09177267463216321,-0.004516937687446419,0.08132094519681539,0.006613096127703452,0.2008294568945574,"(-0.2,0.2]",Q2,0.0,False
26,8,RUN,True,True,-0.12350451338204414,0.1631918244957059,-0.28669633787775006,-0.20404310858418478,-0.2315941850153732,-0.19516235900732806,-0.0325707190059584,0.11056719662065373,0.012225104968550301,0.28669633787775006,"(-1,-0.2]",Q3,0.0,False
26,9,TUMBLE,True,True,0.14549782514660747,0.15185879400177432,-0.006360968855166849,0.20264088363637606,0.13297359947252843,0.09530669976712172,-0.031075130608201534,0.11155366950920356,0.012444221180968612,0.28669633787775006,"(-0.2,0.2]",Q3,0.0,False
26,10,RUN,True,True,-0.03946712961202235,0.009218396402506941,-0.048685526014529294,-0.05046378549430402,-0.04987103233437911,-0.0852347551542335,-0.024637241848349287,0.10677295790031185,0.011400464538781768,0.2753633073838185,"(-0.2,0.2]",Q3,0.0,False
26,11,RUN,True,True,-0.15836280855693663,-0.12350451338204414,-0.03485829517489249,-0.21137815632422918,-0.1525382026077836,-0.15629895319569861,-0.02511250261488653,0.1073238718276812,0.011518413464084543,0.3038606337035441,"(-0.2,0.2]",Q3,0.0,False
26,12,RUN,True,True,-0.04420254301120025,0.14549782514660747,-0.18970036815780772,0.054712426073279245,-0.026758505337083082,-0.00024338641010134,-0.01452566929618561,0.1051948981607163,0.011065966599043473,0.3038606337035441,"(-0.2,0.2]",Q3,0.0,False
26,13,RUN,True,True,0.19334573948780595,-0.03946712961202235,0.2328128690998283,0.2946284152718744,0.2740232332145257,0.21747940349619388,0.009096041528321882,0.13058944305499745,0.01705360263741442,0.3517085480447426,"(0.2,1]",Q4,0.0,False
26,14,RUN,True,True,0.07393421728044917,-0.15836280855693663,0.23229702583738582,-0.0006373809578536782,0.07700742130722615,0.08610590270353749,0.05785112418296854,0.11942500133619847,0.014262330944151008,0.3517085480447426,"(-0.2,0.2]",Q4,0.0,False
26,15,TUMBLE,True,True,0.10847084838985822,-0.04420254301120025,0.15267339140105848,-0.025169129994269332,0.03411171047083994,0.09229219708982866,0.0651804074185239,0.12300306670082628,0.015129754417807919,0.3517085480447426,"(-0.2,0.2]",Q4,0.0,False
26,16,RUN,True,True,0.09477167756403765,0.19334573948780595,-0.0985740619237683,0.0035691447288839495,-0.030478590822000134,0.01188461202730938,0.019307355005252817,0.07642063319719877,0.005840113178260799,0.2375482824990062,"(-0.2,0.2]",Q2,0.0,False
26,17,TUMBLE,True,True,0.08070687608387098,0.07393421728044917,0.006772658803421802,-0.020914386893076953,-0.011685371660910701,-0.036923744596666766,-0.020444026652428157,0.04321869485987378,0.0018678555853908802,0.11941152220735678,"(-0.2,0.2]",Q1,0.0,False
26,18,TUMBLE,True,True,-0.036328355052020526,0.10847084838985822,-0.14479920344187874,-0.12406763187597483,-0.13097815573127614,-0.12579925988157453,-0.02482891169709266,0.05170620066516704,0.0026735311872265206,0.14479920344187874,"(-0.2,0.2]",Q1,0.0,False
26,19,RUN,True,True,-0.0017813496729661218,0.09477167756403765,-0.09655302723700376,-0.023970610188891347,-0.04816474920492882,-0.06368661141940271,-0.03516044287417069,0.057439858806250556,0.0032993373796819997,0.14479920344187874,"(-0.2,0.2]",Q1,0.0,True
27,0,TUMBLE,True,False,,,,,,,,,,,,,0.0,False
27,1,TUMBLE,True,True,0.005133181985857063,0.005133181985857063,0.0,,,,-0.16535809194572043,0.0826790459728602,0.0068358246429823305,0.16535809194572043,,Q2,0.0,False
27,2,TUMBLE,True,True,-0.014115657855101146,0.005133181985857063,-0.01924883984095821,-0.10192788581381841,,,-0.09230346589333932,0.08286101862680371,0.006865948407871512,0.18460693178667864,,Q2,0.0,False
27,3,RUN,True,True,0.19742469740429064,0.005133181985857063,0.1922915154184336,0.20191593533891267,0.14358843138351285,,0.006155143057718112,0.09494876703253953,0.009015268360999466,0.2115403552593918,"(-0.2,0.2]",Q3,0.0,False
27,4,TUMBLE,True,True,0.19451188139146275,0.005133181985857063,0.1893786994056057,0.10285736161686801,0.13169780754644722,0.10477850752480675,0.024033273033820395,0.09470364507799967,0.00896878039105973,0.2115403552593918,"(-0.2,0.2]",Q3,0.0,False
27,5,TUMBLE,True,True,0.14348509318309008,-0.014115657855101146,0.1576007510381912,-0.052483196214786615,0.01754478620287267,0.047746567451462746,0.048533136164102986,0.09186654562707819,0.008439462205452039,0.2115403552593918,"(-0.2,0.2]",Q2,0.0,False
27,6,RUN,True,True,0.4050069637768246,0.19742469740429064,0.20758226637253396,0.2360084764895482,0.2265330731172101,0.274680460245889,0.07843056390426509,0.13417756966973535,0.018003620202476683,0.41912262163192576,"(0.2,1]",Q4,0.0,False
27,7,TUMBLE,True,True,0.2957164384183699,0.19451188139146275,0.10120455702690717,0.021470409938412593,0.048048458967910795,0.06060927947945288,0.040707856441352004,0.09302395271219381,0.00865345577820047,0.26152187059373455,"(-0.2,0.2]",Q2,0.0,False
27,8,RUN,True,True,0.2360511102861175,0.14348509318309008,0.09256601710302742,-0.11431059081147973,-0.045351721506644044,-0.023628983906319317,0.023530980302458912,0.09012586138501957,0.008122670890391762,0.26152187059373455,"(-0.2,0.2]",Q2,0.0,False
27,9,TUMBLE,True,True,0.18555349447095293,0.4050069637768246,-0.21945346930587167,-0.08033027988129077,-0.12670467635615107,-0.08451140694514758,-0.008481905091498144,0.09138981311630177,0.008352097941432563,0.26152187059373455,"(-0.2,0.2]",Q2,0.0,False
27,10,RUN,True,True,0.24773956385401114,0.2957164384183699,-0.047976874564358785,0.036937261475475935,0.008632549462197686,-0.03284243788405511,-0.042469774379304416,0.07427912280019473,0.005517388083966409,0.21945346930587167,"(-0.2,0.2]",Q2,0.0,False
27,11,TUMBLE,True,True,0.191921624308446,0.2360511102861175,-0.044129485977671495,-0.02472490485403603,-0.03119309856191449,-0.049343527448916846,-0.019590117465195445,0.040213586206605,0.0016171325155960518,0.11016294394741699,"(-0.2,0.2]",Q1,0.0,False
27,12,TUMBLE,True,True,0.0796202021808886,0.18555349447095293,-0.10593329229006433,-0.14021039190033996,-0.12878469203024812,-0.13569624604899327,-0.030649368637296465,0.0594055768317491,0.0035290225587128457,0.16811936167312252,"(-0.2,0.2]",Q1,0.0,False
27,13,TUMBLE,True,True,0.03979456552908442,0.24773956385401114,-0.20794499832492672,-0.09597634771558289,-0.13329923125203083,-0.13641415567449025,-0.045963721955685925,0.07702893101086931,0.005933456212677264,0.20794499832492672,"(-0.2,0.2]",Q2,0.0,False
27,14,TUMBLE,True,True,-0.05629361103478275,0.191921624308446,-0.24821523534322876,-0.11600099488976925,-0.16007240837425574,-0.1960626000028903,-0.07601934085569494,0.10839071805647285,0.01174854776079779,0.3040331748887939,"(-0.2,0.2]",Q3,0.0,False
27,15,TUMBLE,True,True,0.3294291022864327,0.0796202021808886,0.24980890010554407,0.33767862503928187,0.3083887167280359,0.26566840704052364,0.013910114274030173,0.13276138107755175,0.01762558430561892,0.38572271332121544,"(0.2,1]",Q4,0.0,False
27,16,TUMBLE,True,True,0.26908781530732295,0.03979456552908442,0.22929324977823853,0.132520069681498,0.1647777963804115,0.1709502505669172,0.06685697630102166,0.14454809040589822,0.020894150439991727,0.38572271332121544,"(-0.2,0.2]",Q4,0.0,False
27,17,TUMBLE,True,True,0.3537362814154369,-0.05629361103478275,0.41002989245021965,0.054477822618559046,0.1729951792291126,0.20823181339342256,0.09532648581148104,0.16473406053327883,0.027137310699781973,0.41002989245021965,"(-0.2,0.2]",Q4,0.0,False
27,18,RUN,True,True,0.5054105283729738,0.3294291022864327,0.17598142608654116,0.19399848001159392,0.18799279536990965,0.2814206313793714,0.11477154579445173,0.18541967252965483,0.034380454961004434,0.5617041394077567,"(-0.2,0.2]",Q4,0.0,False
27,19,RUN,True,True,0.6061445834840338,0.26908781530732295,0.3370567681767108,0.1765711785898284,0.2300663751187892,0.24172865163849216,0.07897536754608528,0.1241380296661227,0.015410250409387158,0.3370567681767108,"(0.2,1]",Q4,1.0,True
28,0,TUMBLE,True,False,,,,,,,,,,,,,0.0,False
28,1,TUMBLE,True,True,0.09902044430418441,0.09902044430418441,0.0,,,,0.08427177985680932,0.042135889928404675,0.0017754332200586346,0.08427177985680935,,Q1,0.0,False
28,2,RUN,True,True,0.03392863446424051,0.09902044430418441,-0.06509180983994389,-0.022955919911539224,,,0.009589985008432741,0.03606560047457012,0.0013007275375913126,0.08427177985680935,,Q1,0.0,False
28,3,TUMBLE,True,True,-0.03247672196262154,0.09902044430418441,-0.13149716626680596,-0.098951261346834,-0.08170930303455487,,-0.020676796906993377,0.04719504811039098,0.002227372566142119,0.13149716626680596,"(-0.2,0.2]",Q1,0.0,False
28,4,RUN,True,True,0.18960211688332032,0.09902044430418441,0.09058167257913591,0.18887616063251084,0.15611133128138585,0.1607968615700257,0.021820973860508453,0.07693373098606941,0.0059187989634368965,0.22207883884594187,"(-0.2,0.2]",Q2,0.0,False
28,5,TUMBLE,True,True,0.3941489266543461,0.03392863446424051,0.3602202921901056,0.3155862291939967,0.33046425019269965,0.3216303082320652,0.07459304471194028,0.14810870662465248,0.021936188978027377,0.4266256486169676,"(0.2,1]",Q4,0.0,False
28,6,TUMBLE,True,True,0.15607317691284722,-0.03247672196262154,0.18854989887546875,-0.13580234485598597,-0.027684930278834396,0.009772437903025871,0.06709147335141809,0.14694829315798819,0.02159380086204604,0.4266256486169676,"(-0.2,0.2]",Q4,0.0,False
28,7,RUN,True,True,0.06162125826623091,0.18960211688332032,-0.1279808586170894,-0.21348979351736572,-0.18498681521727364,-0.1152156163557421,0.015466702048723191,0.1430038480797163,0.02045010056560658,0.4266256486169676,"(-0.2,0.2]",Q4,0.0,False
28,8,TUMBLE,True,True,0.20848178950869167,0.3941489266543461,-0.18566713714565442,0.0996345719191526,0.004534002230883627,0.008120419829505537,-0.029476832313737242,0.10856555095156084,0.011786478853415954,0.3325276683881152,"(-0.2,0.2]",Q3,0.0,False
28,9,TUMBLE,True,True,0.19095309187581344,0.15607317691284722,0.03487991496296622,0.05590156798835216,0.048894350313223506,-0.014128195959715512,-0.03539830569612209,0.10853607254479637,0.0117800790434493,0.3325276683881152,"(-0.2,0.2]",Q3,0.0,False
28,10,RUN,True,True,0.10549653340995477,0.06162125826623091,0.04387527514372386,-0.09422090728229779,-0.0481888464736239,-0.04878579573094105,0.0028178546603797507,0.05436110857439123,0.0029551301254367515,0.14686053124246076,"(-0.2,0.2]",Q1,0.0,False
28,11,TUMBLE,True,True,0.054248893862094645,0.20848178950869167,-0.15423289564659703,-0.09397591878078948,-0.11406157773605866,-0.08738927440307806,-0.011772998490700926,0.06437152052268795,0.004143692654402836,0.15423289564659703,"(-0.2,0.2]",Q2,0.0,False
28,12,TUMBLE,True,True,0.11931903209752061,0.19095309187581344,-0.07163405977829283,0.039446318461495905,0.002419525714899645,-0.02047604506661803,-0.031502971283606095,0.0568594077359306,0.0032329922480808047,0.15423289564659703,"(-0.2,0.2]",Q1,0.0,False
28,13,RUN,True,True,0.11506329614656778,0.10549653340995477,0.009566762736613013,0.02827933316676015,0.022041809690044434,-0.002441091664778086,-0.013795709277092548,0.043699469762312974,0.001909643657507306,0.1367041980137188,"(-0.2,0.2]",Q1,0.0,False
28,14,RUN,True,True,0.007931341443871552,0.054248893862094645,-0.04631755241822309,-0.10925982267817264,-0.08827906592485613,-0.09060059743516291,-0.013431598164769331,0.04308516513840943,0.0018563314550040114,0.11138769065364906,"(-0.2,0.2]",Q1,0.0,False
28,15,TUMBLE,True,True,0.13108038620028142,0.11931903209752061,0.011761354102760815,0.06958306740506176,0.05030916297096144,0.056939745312767784,0.004227529402272455,0.04709312339470221,0.0022177622710686487,0.12314904475640986,"(-0.2,0.2]",Q1,0.0,False
28,16,TUMBLE,True,True,-0.12110379780390988,0.11506329614656778,-0.23616709395047766,-0.19060966162598636,-0.2057954724008168,-0.21445231177597024,-0.04648285697491472,0.09659981608884634,0.009331524468398935,0.2521841840041913,"(-1,-0.2]",Q3,0.0,False
28,17,RUN,True,True,0.10028926192782492,0.007931341443871552,0.09235792048395336,0.09530096772963914,0.09431995198107722,0.0670464554311222,-0.015858320768526727,0.09415573354793678,0.008865302159950069,0.2521841840041913,"(-0.2,0.2]",Q3,0.0,False
28,18,TUMBLE,True,True,-0.2004707069690887,0.13108038620028142,-0.33155109316937015,-0.19006343903104622,-0.23722599041048753,-0.2300200049111057,-0.04475952210983769,0.1271249446930476,0.016160751563210413,0.33155109316937015,"(-1,-0.2]",Q4,0.0,False
28,19,TUMBLE,True,True,0.1601564993302873,-0.12110379780390988,0.2812602971341972,0.2102472218509192,0.2339182469453452,0.18270771349151035,-0.00212146829051672,0.14612740722705964,0.021353219142902922,0.360627206299376,"(0.2,1]",Q4,0.0,True
29,0,TUMBLE,True,False,,,,,,,,,,,,,0.0,False
29,1,TUMBLE,True,True,0.06920718127032285,0.06920718127032285,0.0,,,,0.0258285796669988,0.012914289833499404,0.00016677888190362605,0.025828579666998808,,Q1,0.0,False
29,2,TUMBLE,True,True,0.026477664830041627,0.06920718127032285,-0.04272951644028122,-0.029815226606781823,,,-0.008450468386641206,0.017570710371553812,0.0003087298629610287,0.04272951644028122,,Q1,0.0,False
29,3,TUMBLE,True,True,-0.12089295469575945,0.06920718127032285,-0.1901001359660823,-0.1687353777459417,-0.16724743726365562,,-0.05355441853375319,0.07400163603314525,0.005476242135582101,0.1901001359660823,"(-0.2,0.2]",Q2,0.0,False
29,4,RUN,True,True,-0.0409428942582401,0.06920718127032285,-0.11015007552856296,0.006264750674618805,-0.03254019139310845,-0.045485517510222374,-0.03587431276892106,0.06864417584160597,0.00471202287697332,0.1901001359660823,"(-0.2,0.2]",Q2,0.0,False
29,5,TUMBLE,True,True,-0.017234675707099495,0.026477664830041627,-0.043712340537141126,0.06368324876990028,0.02788471900088648,-0.0006969249936907285,-0.02403042730431265,0.06432499907263083,0.0041377055056939565,0.1901001359660823,"(-0.2,0.2]",Q1,0.0,False
29,6,TUMBLE,True,True,-0.017975619830270493,-0.12089295469575945,0.10291733486548896,0.011113165152399306,0.041714555056762526,0.02017259512749386,0.0014751709668035663,0.04856733372212301,0.002358785904876067,0.14737061952580108,"(-0.2,0.2]",Q1,0.0,False
29,7,RUN,True,True,0.07629349672228652,-0.0409428942582401,0.11723639098052663,0.09389864449097152,0.10167789332082322,0.12555503284512892,0.04173401772640616,0.06295401701843716,0.003963208258757675,0.19718645141804597,"(-0.2,0.2]",Q1,0.0,False
29,8,RUN,True,True,0.03208214644236601,-0.017234675707099495,0.049316822149465506,0.0029232079963579932,0.01838774604739383,0.0320470697106969,0.023957825383059822,0.04228186847217533,0.0017877564014983339,0.11723639098052663,"(-0.2,0.2]",Q1,1.0,True
30,0,TUMBLE,True,False,,,,,,,,,,,,,0.0,False
30,1,RUN,True,True,0.013651027582084776,0.013651027582084776,0.0,,,,0.0539986240969772,0.026999312048488606,0.000728962851091662,0.05399862409697721,,Q1,0.0,False
30,2,RUN,True,True,-0.022127565315285026,0.013651027582084776,-0.0357785928973698,-0.008779280848881197,,,0.009110015599803714,0.022429961735235194,0.000503103183444115,0.05399862409697721,,Q1,0.0,False
30,3,TUMBLE,True,True,0.0005146348624089359,0.013651027582084776,-0.01313639271967584,0.004752903729009061,0.01678934627843983,,0.008680810123453439,0.02074078808577055,0.0004301802904188416,0.05399862409697721,"(-0.2,0.2]",Q1,0.0,False
30,4,TUMBLE,True,True,0.4080326906538119,0.013651027582084776,0.3943816630717272,0.41883915588024995,0.410686658277409,0.4201100655002329,0.08836241816177329,0.1690648957467891,0.028582938973872665,0.4483802871687044,"(0.2,1]",Q4,0.0,False
30,5,TUMBLE,True,True,-0.08649428559225518,-0.022127565315285026,-0.06436672027697016,-0.2907679483503656,-0.21530087232590045,-0.18651198253801032,0.022986962962041703,0.1760580234393966,0.030996427617387128,0.4945269762460671,"(-1,-0.2]",Q4,0.0,False
30,6,TUMBLE,True,True,0.6848214023667544,0.0005146348624089359,0.6843067675043455,0.524052199835976,0.5774703890587658,0.6098400337145842,0.13268890149094142,0.2998322540605401,0.08989938057502427,0.7713156879590095,"(0.2,1]",Q4,0.0,False
30,7,RUN,True,True,-0.14533996989243558,0.4080326906538119,-0.5533726605462475,-0.4445035282796852,-0.48079323903520593,-0.3970585804651156,-0.001492049779674636,0.32113172795385064,0.10312558669862594,0.83016137225919,"(-1,-0.2]",Q4,0.0,False
30,8,RUN,True,True,-0.029924804729318653,-0.08649428559225518,0.056569480862936526,-0.299665520966478,-0.18092052035667322,-0.24517976411328754,-0.09347606750664415,0.3246005857348836,0.10536554025942951,0.83016137225919,"(-0.2,0.2]",Q4,0.0,False
30,9,TUMBLE,True,True,0.1400725667090191,0.6848214023667544,-0.5447488356577352,0.2277049540198962,-0.029779642539314255,0.03430698117083285,-0.02616125024935241,0.30155495492357864,0.09093539083896154,0.83016137225919,"(-0.2,0.2]",Q4,0.0,False
30,10,TUMBLE,True,True,0.18054634054011465,-0.14533996989243558,0.32588631043255023,0.12547245955026443,0.19227707651102635,0.01813904192660984,-0.07231375870518254,0.284737976101647,0.08107571503446208,0.83016137225919,"(-0.2,0.2]",Q4,0.0,False
30,11,TUMBLE,True,True,0.1344205102974633,-0.029924804729318653,0.16434531502678196,-0.025888943327103592,0.0375224761241916,0.09808197714061842,0.0769992105649231,0.12381486925017315,0.015330121847437473,0.32588631043255023,"(-0.2,0.2]",Q4,0.0,False
30,12,RUN,True,True,0.12114006972407114,0.1400725667090191,-0.018932496984947964,-0.03634335569471782,-0.030539736124794534,0.01486141651975155,0.029647769249522383,0.07235710525813017,0.005235550681336129,0.2104711452694333,"(-0.2,0.2]",Q2,0.0,False
30,13,TUMBLE,True,True,-0.15332066685145504,0.18054634054011465,-0.3338670073915697,-0.28110095686222225,-0.29868964037200474,-0.2973655386691221,-0.06461927379369918,0.12058723447427766,0.014541281118154418,0.3338670073915697,"(-1,-0.2]",Q4,0.0,False
30,14,RUN,True,True,0.05231470792051769,0.1344205102974633,-0.0821058023769456,0.06840500648420964,0.018234736863824562,-0.018381855507030823,-0.05442044423881121,0.11758086223125658,0.01382525916304574,0.3338670073915697,"(-0.2,0.2]",Q3,0.0,False
30,15,TUMBLE,True,True,-0.054149713131069595,0.12114006972407114,-0.17528978285514074,-0.003646733665600921,-0.060861083395447525,-0.09278836840371887,-0.04459658086606192,0.10945666535544749,0.011980761590734417,0.28774117714891834,"(-0.2,0.2]",Q3,0.0,False
30,16,TUMBLE,True,True,0.18649354694650508,-0.15332066685145504,0.3398142137979601,0.18741104955178103,0.2382121043005074,0.19499744753098902,0.02298779081652531,0.12163971539574679,0.014796220361558279,0.3398142137979601,"(0.2,1]",Q4,0.0,False
30,17,RUN,True,True,0.0680338611539978,0.05231470792051769,0.01571915323348011,0.0018619442462800562,0.006481013908680076,0.06019939243287327,0.05768878950368932,0.11542075022482735,0.013321949582461983,0.3398142137979601,"(-0.2,0.2]",Q3,0.0,False
30,18,TUMBLE,True,True,0.06205741866814526,-0.054149713131069595,0.11620713179921485,-0.06520628538210618,-0.004735146321665849,-0.0011156820543424886,0.014166899578032249,0.07630871849373272,0.005823020518155746,0.24064326007757467,"(-0.2,0.2]",Q2,0.0,False
30,19,TUMBLE,True,True,0.1430937058638453,0.18649354694650508,-0.04339984108265979,0.07804806595277376,0.037565430274295916,0.07748492745445065,0.027005070971147,0.08219105538773101,0.006755369585749067,0.24064326007757467,"(-0.2,0.2]",Q2,0.0,True
31,0,TUMBLE,True,False,,,,,,,,,,,,,0.0,False
31,1,TUMBLE,True,True,0.31843892453226563,0.31843892453226563,0.0,,,,0.1391525549642587,0.06957627748212934,0.004840858388270259,0.13915255496425868,,Q2,0.0,False
31,2,TUMBLE,True,True,0.2033380450296536,0.31843892453226563,-0.11510087950261202,-0.04552460202048267,,,0.012025837730823361,0.06072719426333205,0.003687792123096469,0.13915255496425868,,Q1,0.0,False
31,3,TUMBLE,True,True,0.20783682352162117,0.31843892453226563,-0.11060210101064447,-0.05305166125933844,-0.0258509561883542,,-0.002944951764176939,0.053769369349980674,0.002891145080294641,0.13915255496425868,"(-0.2,0.2]",Q1,0.0,False
31,4,TUMBLE,True,True,0.24151473005183915,0.31843892453226563,-0.07692419448042648,0.03592729577620177,-0.0016898676426742865,0.014289689388952337,0.0013854619957020082,0.04843126366190491,0.002345587299888951,0.13915255496425868,"(-0.2,0.2]",Q1,0.0,False
31,5,TUMBLE,True,True,0.08949701049533577,0.2033380450296536,-0.11384103453431783,-0.13517876629139441,-0.12806618903903555,-0.1532851202885091,-0.041970714305167425,0.07389131156913098,0.0054599259254063896,0.22894191403692987,"(-0.2,0.2]",Q2,0.0,False
31,6,TUMBLE,True,True,0.09046518272097936,0.20783682352162117,-0.1173716408006418,-0.07504068755260809,-0.08915100530195266,-0.09508146955363306,-0.034408553764363387,0.06388072242605422,0.004080746697674587,0.1520177195565034,"(-0.2,0.2]",Q1,0.0,False
31,7,TUMBLE,True,True,0.24792004037806623,0.24151473005183915,0.0064053103262270705,0.15793894376990866,0.1074277326220148,0.09059160368062236,-0.007088311361796973,0.07109950374961534,0.005055139433441565,0.15842302988273044,"(-0.2,0.2]",Q2,0.0,False
31,8,RUN,True,True,0.11970968231166088,0.08949701049533577,0.0302126718163251,-0.04948292923786193,-0.02291772888646626,-0.047639558599894244,-0.008518706559762623,0.07180518606005626,0.005155984745119298,0.15842302988273044,"(-0.2,0.2]",Q2,0.0,False
31,9,TUMBLE,True,True,0.4719405985373004,0.09046518272097936,0.38147541581632105,0.28812573719243684,0.3192422967337316,0.33504261956078984,0.07941316756746106,0.14616910588689774,0.021365407515775123,0.38244358804196465,"(0.2,1]",Q4,0.0,False
31,10,TUMBLE,True,True,0.28513343276225306,0.24792004037806623,0.03721339238418683,-0.0106917076622276,0.0052766590199105345,0.052624556775251324,0.061335705824178154,0.13614741850096448,0.018536119564476768,0.38147541581632105,"(-0.2,0.2]",Q4,0.0,False
31,11,RUN,True,True,0.22891551866500373,0.11970968231166088,0.10920583635334286,-0.14962149698477298,-0.06334571920540108,-0.05226041983231641,0.012741470702446692,0.11469005633636889,0.01315380902243947,0.3522309162256395,"(-0.2,0.2]",Q3,0.0,False
31,12,TUMBLE,True,True,0.38619200160096934,0.4719405985373004,-0.08574859693633108,0.12916752588734093,0.05752881827945028,0.10976719353191478,0.028993955870632034,0.12227681473443922,0.014951619421600372,0.3522309162256395,"(-0.2,0.2]",Q4,0.0,False
31,13,TUMBLE,True,True,0.42187235992960936,0.28513343276225306,0.1367389271673563,0.11431859979662284,0.12179204225353396,0.07882697203822775,9.220916233338592e-05,0.08924794722024805,0.007965196083028182,0.24302507987229668,"(-0.2,0.2]",Q2,0.0,False
31,14,TUMBLE,True,True,0.4908786059970093,0.22891551866500373,0.2619630873320056,0.08684642523171993,0.14521864593181516,0.1603502777575504,0.0604447187734118,0.09423142312843198,0.008879561104809586,0.2619630873320056,"(-0.2,0.2]",Q3,1.0,True
32,0,TUMBLE,True,False,,,,,,,,,,,,,0.0,False
32,1,TUMBLE,True,True,-0.01982632706956587,-0.01982632706956587,0.0,,,,-0.06793363046795002,0.03396681523397501,0.0011537445371389969,0.06793363046795002,,Q1,0.0,False
32,2,RUN,True,True,-0.09571094529949499,-0.01982632706956587,-0.07588461822992912,-0.10985143346390414,,,-0.07190912434893956,0.05874345551348498,0.0034507935656647886,0.14381824869787913,,Q1,0.0,False
32,3,RUN,True,True,-0.021697306593312406,-0.01982632706956587,-0.001870979523746534,0.036071329591218025,0.0007793497302464973,,-0.02852984482050189,0.05087444406697701,0.0025882090591239724,0.14381824869787913,"(-0.2,0.2]",Q1,0.0,False
32,4,RUN,True,True,0.08811472489851094,-0.01982632706956587,0.10794105196807681,0.14681885084491464,0.13385958455263536,0.11039654378950822,0.00781438634765069,0.0634078129902474,0.0040205507482061874,0.18382567019800594,"(-0.2,0.2]",Q1,0.0,False
32,5,TUMBLE,True,True,0.09806497840629214,-0.09571094529949499,0.1937759237057871,0.06485626925369287,0.10782948740439095,0.11034494192225772,0.0419608281149722,0.07338427774800832,0.005385252220596829,0.1937759237057871,"(-0.2,0.2]",Q2,0.0,False
32,6,TUMBLE,True,True,0.022289576253177526,-0.021697306593312406,0.04398688284648993,-0.07080027539922401,-0.032537889317319366,0.005096713400178608,0.03557633281049496,0.07190369386193265,0.005170141190990532,0.1937759237057871,"(-0.2,0.2]",Q2,0.0,False
32,7,RUN,True,True,0.2624455382619395,0.08811472489851094,0.17433081336342857,0.20226826093220468,0.1929557784092793,0.21575254502077246,0.050246054106517044,0.09681624773951002,0.009373385826358178,0.28414284485525193,"(-0.2,0.2]",Q3,0.0,False
32,8,RUN,True,True,0.2169103476689537,0.09806497840629214,0.11884536926266157,0.0745427904113952,0.08931031669515066,0.09918164321397367,0.04219718053965328,0.08852664883165885,0.007836967553363846,0.240155962008762,"(-0.2,0.2]",Q2,0.0,False
32,9,TUMBLE,True,True,0.4574717434039442,0.022289576253177526,0.4351821671507667,0.2177938004384976,0.2902565893425873,0.3075441332563535,0.09134343014110802,0.14952918555311392,0.022358977332177576,0.4351821671507667,"(0.2,1]",Q4,0.0,False
32,10,RUN,True,True,0.349994340083137,0.2624455382619395,0.08754880182119751,0.012803294546688049,0.0377184636381912,0.1102150386861333,0.08504357328019237,0.145221493581621,0.021089282198076792,0.4351821671507667,"(-0.2,0.2]",Q4,1.0,True
33,0,TUMBLE,True,False,,,,,,,,,,,,,0.0,False
33,1,TUMBLE,True,True,0.4861681197713741,0.4861681197713741,0.0,,,,-0.00526490625095799,0.002632453125478995,6.92980945784413e-06,0.00526490625095799,,Q1,1.0,True
34,0,TUMBLE,True,False,,,,,,,,,,,,,0.0,False
34,1,TUMBLE,True,True,0.32490882438043556,0.32490882438043556,0.0,,,,0.1382073938884753,0.0691036969442377,0.004775320931361046,0.1382073938884754,,Q2,0.0,False
34,2,TUMBLE,True,True,0.3363250511423767,0.32490882438043556,0.01141622676194115,0.08051992370617883,,,0.07481181032520826,0.06800232170502547,0.004624315757273779,0.14962362065041654,,Q2,0.0,False
34,3,TUMBLE,True,True,0.3615553174195035,0.32490882438043556,0.03664649303906792,0.03093837965809737,0.07891021541457932,,0.053597788754457074,0.06808645945487769,0.004635765961100704,0.1748538869275433,"(-0.2,0.2]",Q2,0.0,False
34,4,TUMBLE,True,True,0.2327896746558989,0.32490882438043556,-0.09211914972453666,-0.1161505096250412,-0.108140056324873,-0.06958298120267009,0.01288229813669454,0.0669574444895319,0.004483299372568746,0.1748538869275433,"(-0.2,0.2]",Q2,0.0,False
34,5,RUN,True,True,0.6034993340470296,0.3363250511423767,0.2671742829046529,0.3063268380093284,0.2932759863077699,0.289604617147476,0.04536456428467101,0.12375027967291334,0.015314131719124269,0.3707096593911307,"(0.2,1]",Q4,1.0,True
35,0,TUMBLE,True,False,,,,,,,,,,,,,0.0,False
35,1,RUN,True,True,0.009424858794566192,0.009424858794566192,0.0,,,,0.08948609691936968,0.04474304845968483,0.002001940385465705,0.08948609691936965,,Q1,0.0,False
35,2,RUN,True,True,-0.1978488538361066,0.009424858794566192,-0.2072737126306728,-0.16253066417098794,,,-0.05889380785565152,0.08488166658781125,0.007204897322724353,0.2072737126306728,,Q2,0.0,False
35,3,TUMBLE,True,True,-0.17040446509373836,0.009424858794566192,-0.17982932388830455,-0.07619246757296816,-0.08090938737162373,,-0.04783033935374774,0.08143162575408226,0.0066311096729529135,0.2072737126306728,"(-0.2,0.2]",Q2,0.0,False
35,4,RUN,True,True,0.03736680832315939,0.009424858794566192,0.027941949528593198,0.22149346778808185,0.15697629503491897,0.14708923288817993,0.005502676900762119,0.09362973100155553,0.008766526527423648,0.23521566215926598,"(-0.2,0.2]",Q3,0.0,False
35,5,TUMBLE,True,True,0.04497861790787663,-0.1978488538361066,0.24282747174398323,0.1114974462931661,0.15527412144343847,0.12534403086090648,0.030632318038588666,0.10620871854723156,0.01128029189544505,0.24282747174398323,"(-0.2,0.2]",Q3,0.0,False
35,6,RUN,True,True,0.0832330402254006,-0.17040446509373836,0.253637505319139,0.042060327109882584,0.1125860531796347,0.15471001340010282,0.07775468711246293,0.11858627655968144,0.014062704988289253,0.2810818940615072,"(-0.2,0.2]",Q3,0.0,False
35,7,TUMBLE,True,True,-0.12383705019566756,0.03736680832315939,-0.16120385851882696,-0.18794287926230618,-0.1790298723478131,-0.12263055053634211,0.013900106169838297,0.10139975751092704,0.010281910823274806,0.253637505319139,"(-0.2,0.2]",Q3,0.0,False
35,8,TUMBLE,True,True,0.22079716559978407,0.04497861790787663,0.17581854769190744,0.24109917058491756,0.2193389629539142,0.2103618115345918,0.0198045046449705,0.11013518544345247,0.012129759072663664,0.3446342157954516,"(0.2,1]",Q3,0.0,False
35,9,RUN,True,True,-0.1059276587868945,0.0832330402254006,-0.1891606990122951,-0.15440771648895277,-0.16599204399673353,-0.16222060217124296,-0.01642484280151587,0.12760458887334372,0.016282931101535076,0.3446342157954516,"(-0.2,0.2]",Q4,0.0,False
35,10,TUMBLE,True,True,0.16360252697353111,-0.12383705019566756,0.28743957716919866,0.10616777356708633,0.16659170810112378,0.14503615276287546,0.017864836490503397,0.13977478935815513,0.019536991740116635,0.3446342157954516,"(-0.2,0.2]",Q4,0.0,False
35,11,TUMBLE,True,True,0.11916697008388394,0.22079716559978407,-0.10163019551590013,0.09032953599056563,0.0263429588217437,0.08050822418619566,0.04288134019328502,0.14232408359657486,0.02025614477160483,0.3446342157954516,"(-0.2,0.2]",Q4,0.0,False
35,12,TUMBLE,True,True,-0.05423992920685553,-0.1059276587868945,0.05168772958003897,-0.19562467773556305,-0.11318720863036238,-0.1536496801744317,-0.03249795607425009,0.12672489561920466,0.016059199169698318,0.3267248243866786,"(-0.2,0.2]",Q4,0.0,False
35,13,TUMBLE,True,True,0.022378385504882657,0.16360252697353111,-0.14122414146864845,-0.01008513493363155,-0.05379813711197052,-0.0082720917610336,0.003876963240316781,0.10141610067706634,0.010285225476540856,0.26953018576042564,"(-0.2,0.2]",Q3,0.0,False
35,14,TUMBLE,True,True,0.15824376866594286,0.11916697008388394,0.039076798582058925,0.1741745405169293,0.1291419598719725,0.09551678032708232,-0.010750610119417789,0.08481671963033657,0.007193875928851122,0.21784245618038664,"(-0.2,0.2]",Q2,0.0,False
35,15,RUN,True,True,0.3183011173453522,-0.05423992920685553,0.37254104655220777,0.22799004025993946,0.2761737090240289,0.25691381858338874,0.06107519923957346,0.12681859917603572,0.01608295709697201,0.37254104655220777,"(0.2,1]",Q4,0.0,False
35,16,TUMBLE,True,True,0.5157716483827399,0.022378385504882657,0.4933932628778573,0.2774992053770924,0.34946389121068067,0.4046008128054094,0.14359458870196604,0.20558457584627346,0.04226501782589216,0.5700115775895954,"(0.2,1]",Q4,1.0,True
36,0,TUMBLE,True,False,,,,,,,,,,,,,0.0,False
36,1,TUMBLE,True,True,0.47191235111583996,0.47191235111583996,0.0,,,,0.11621344609582071,0.0581067230479104,0.0033763912633665615,0.1162134460958208,,Q1,0.0,False
36,2,RUN,True,True,0.32178868407118155,0.47191235111583996,-0.1501236670446584,-0.09201694399674798,,,-0.016955110474418805,0.06428459599935334,0.004132509282800075,0.1501236670446584,,Q1,0.0,False
36,3,TUMBLE,True,True,0.3342454946563165,0.47191235111583996,-0.13766685645952348,-0.06260502293719428,-0.048887818746030376,,-0.021448389813576697,0.059560981281180994,0.003547510491177193,0.1501236670446584,"(-0.2,0.2]",Q1,0.0,False
36,4,RUN,True,True,0.24447079348420664,0.47191235111583996,-0.22744155763163332,-0.08354629587954238,-0.13151138313023936,-0.1264405652316326,-0.03601230795311487,0.07345721910552368,0.005395963038716913,0.22744155763163332,"(-0.2,0.2]",Q2,0.0,False
36,5,RUN,True,True,0.10052907748116433,0.32178868407118155,-0.22125960659001723,-0.18882906658909723,-0.19963924658940388,-0.24257525335072186,-0.08200844378563263,0.12159532835181931,0.014785423876986753,0.3713832736346756,"(-0.2,0.2]",Q4,0.0,False
36,6,RUN,True,True,0.08188131652315069,0.3342454946563165,-0.2523641781331658,-0.09061861895953481,-0.14453380535074511,-0.16837719590006656,-0.07135311522712141,0.10705464408285063,0.011460696819705827,0.2523641781331658,"(-0.2,0.2]",Q3,0.0,False
36,7,RUN,True,True,0.23020788036219197,0.24447079348420664,-0.014262913122014664,0.13900268336003446,0.08791415119935142,0.03992620982598244,-0.0370664705549305,0.09459755831550196,0.008948698039254794,0.2523641781331658,"(-0.2,0.2]",Q3,0.0,False
36,8,TUMBLE,True,True,-0.12371975379452392,0.10052907748116433,-0.22424883127568823,-0.27976435223719526,-0.26125917858335956,-0.2879920207572023,-0.06067022916764336,0.13265164522617334,0.017596458981210556,0.3681905472787306,"(-1,-0.2]",Q4,0.0,False
36,9,TUMBLE,True,True,-0.11535016414236533,0.08188131652315069,-0.19723148066551602,-0.16859422742619937,-0.17813997850597157,-0.1875747942853611,-0.06373595535647338,0.13593729807407204,0.01847894900767911,0.3539276341567159,"(-0.2,0.2]",Q4,0.0,False
36,10,RUN,True,True,-0.15819127613797085,0.23020788036219197,-0.3883991565001628,-0.03865631716952622,-0.15523726361307175,-0.1764460958750842,-0.08257032298268004,0.14959016147339066,0.02237721640963509,0.3883991565001628,"(-0.2,0.2]",Q4,0.0,False
36,11,RUN,True,True,-0.06927705258449394,-0.12371975379452392,0.054442701210029976,0.06749366755567414,0.06314334544045942,-0.027513724156326913,-0.0633441388236819,0.14160599385734057,0.020052257496325176,0.3883991565001628,"(-0.2,0.2]",Q4,0.0,False
36,12,TUMBLE,True,True,0.1468288907837227,-0.11535016414236533,0.262179054926088,0.2605630551449551,0.2611017217386661,0.2634634524485612,0.05871704007143643,0.10913472080827336,0.011910387285899774,0.30502016692169354,"(0.2,1]",Q3,0.0,False
36,13,TUMBLE,True,True,-0.03720087520156781,-0.15819127613797085,0.12099040093640304,-0.07597679430118218,-0.010321062555320438,0.011796525318709047,0.046131874480328836,0.1050680910401457,0.011039303754820344,0.30502016692169354,"(-0.2,0.2]",Q3,0.0,False
36,14,RUN,True,True,-0.13750737048627393,-0.06927705258449394,-0.06823031790177998,-0.19232137827735135,-0.15095769148549423,-0.10804729220119644,0.007344398868632015,0.10829054176321445,0.011726841435370493,0.30502016692169354,"(-0.2,0.2]",Q3,0.0,False
36,15,TUMBLE,True,True,0.0009006862960485862,0.1468288907837227,-0.1459282044876741,0.08825480913996946,0.010193804597421604,0.025189788168201836,-0.014398078350891136,0.09465515696540668,0.008959598740145775,0.2843362612699966,"(-0.2,0.2]",Q3,0.0,False
36,16,TUMBLE,True,True,-0.1494153539020625,-0.03720087520156781,-0.1122144787004947,-0.08111201180694984,-0.0914795007714648,-0.1426706867500449,-0.0554386927873954,0.10766029370627947,0.01159073884092236,0.2962442446857852,"(-0.2,0.2]",Q3,0.0,False
36,17,TUMBLE,True,True,0.24238691730223846,-0.13750737048627393,0.3798942877885124,0.3166442511052454,0.33772759666633445,0.3231926456257024,0.054726760159182375,0.14146552039347635,0.02001249346019707,0.391802271204301,"(0.2,1]",Q4,0.0,False
36,18,TUMBLE,True,True,-0.05711467730564364,0.0009006862960485862,-0.058015363601692224,-0.10360045900573162,-0.08840542720438516,-0.046205897108131284,0.04022716173674505,0.14227960910494325,0.02024348716705545,0.391802271204301,"(-0.2,0.2]",Q4,0.0,False
36,19,TUMBLE,True,True,-0.006655294333185603,-0.1494153539020625,0.1427600595688769,-0.099291414331483,-0.01860758969802971,-0.01584468743083083,0.007718871533795045,0.12977081857975994,0.01684046535486097,0.391802271204301,"(-0.2,0.2]",Q4,0.0,True
37,0,TUMBLE,True,False,,,,,,,,,,,,,0.0,False
37,1,RUN,True,True,0.12408636489907855,0.12408636489907855,0.0,,,,-0.022418678972134315,0.01120933948606715,0.00012564929171390417,0.0224186789721343,,Q1,0.0,False
37,2,TUMBLE,True,True,-0.007774884237434797,0.12408636489907855,-0.13186124913651334,-0.1430705886225805,,,-0.0771399640543238,0.0680622936955606,0.004632475823100749,0.15427992810864766,,Q2,0.0,False
37,3,TUMBLE,True,True,0.22944442992378855,0.12408636489907855,0.10535806502471,0.17128868959296667,0.1418389217461697,,0.011695690902121348,0.08512657819519308,0.007246534315222322,0.23721931416122335,"(-0.2,0.2]",Q2,0.0,False
37,4,TUMBLE,True,True,0.13921840591017146,0.12408636489907855,0.015132041011092903,0.028383633066994582,0.02396643571502735,0.016153167296010157,0.00907847891026271,0.07641318879858842,0.00583897542236872,0.23721931416122335,"(-0.2,0.2]",Q2,0.0,False
37,5,TUMBLE,True,True,-0.008089353037749922,-0.007774884237434797,-0.000314468800315125,-0.19242077095472992,-0.12838533690325832,-0.12933293216165087,-0.011735814572605063,0.09172346450513522,0.0084131939408248,0.2375337829615385,"(-0.2,0.2]",Q2,0.0,False
37,6,TUMBLE,True,True,0.10447502392967657,0.22944442992378855,-0.12496940599411198,0.0389104974934658,-0.015716137002393438,0.016275374289982755,-0.0013033966627315667,0.09082686263992684,0.008249518977012139,0.2375337829615385,"(-0.2,0.2]",Q2,0.0,False
37,7,TUMBLE,True,True,-0.0039632241428172316,0.13921840591017146,-0.14318163005298867,-0.05215605958878056,-0.08249791641018327,-0.12022535082428888,-0.050155869011370646,0.09000306528953537,0.008100551761512368,0.2375337829615385,"(-0.2,0.2]",Q2,0.0,False
37,8,RUN,True,True,0.1680011414453355,-0.008089353037749922,0.17609049448308545,0.11774524155190584,0.13719365919563237,0.1100909282805153,0.006169159996526066,0.07301996820596966,0.00533191575680082,0.17609049448308545,"(-0.2,0.2]",Q2,0.0,False
37,9,RUN,True,True,-0.01847382542640796,0.10447502392967657,-0.12294884935608454,-0.1004927840776671,-0.1079781391704729,-0.0835797224750192,0.004275717273834288,0.07463766289937167,0.0055707807230802415,0.18647496687174347,"(-0.2,0.2]",Q2,0.0,False
37,10,RUN,True,True,0.0017834166763628437,-0.0039632241428172316,0.005746640819180075,-0.07298024133310094,-0.04673794728234059,-0.06072636227508387,-0.021989381579021822,0.07323478207167765,0.0053633333050861175,0.18647496687174347,"(-0.2,0.2]",Q2,0.0,False
37,11,RUN,True,True,0.002394042053952432,0.1680011414453355,-0.16560709939138307,0.01073924642897499,-0.0480428688444777,-0.03444283508416585,-0.015350319237543316,0.06943454257820313,0.004821155703044303,0.18647496687174347,"(-0.2,0.2]",Q2,0.0,False
37,12,TUMBLE,True,True,-0.15502522978062977,-0.01847382542640796,-0.1365514043542218,-0.1571139591457874,-0.15025977421526554,-0.19345142346794048,-0.06251848749715701,0.10257392545228805,0.010521410182691546,0.3230263712259653,"(-0.2,0.2]",Q3,0.0,False
37,13,RUN,True,True,0.12267594611987745,0.0017834166763628437,0.12089252944351461,0.19899153998321611,0.17295853646998227,0.16500634523905805,0.012549089663557814,0.08831448411646252,0.00779944810475691,0.27770117590050725,"(-0.2,0.2]",Q2,0.0,False
37,14,TUMBLE,True,True,-0.056133122741083716,0.002394042053952432,-0.05852716479503615,-0.039958480910707556,-0.046148042205483755,-0.049090166508474455,0.0004448825231031884,0.0903555026167502,0.008164116853125552,0.27770117590050725,"(-0.2,0.2]",Q2,0.0,False
37,15,RUN,True,True,0.16255539925911486,-0.15502522978062977,0.3175806290397446,0.12928398756971798,0.19204953472639352,0.18407749034608575,0.04192148214498708,0.11618406506370221,0.013498736974726588,0.3175806290397446,"(-0.2,0.2]",Q3,0.0,False
37,16,RUN,True,True,0.11902515616859598,0.12267594611987745,-0.0036507899512814718,0.06581401790958041,0.042659081955959785,0.10050690795427628,0.0587980225037689,0.12277377870817108,0.015073400738282961,0.3175806290397446,"(-0.2,0.2]",Q4,0.0,False
37,17,TUMBLE,True,True,-0.1991314697511658,-0.056133122741083716,-0.14299834701008207,-0.33992174746502124,-0.2742806139800415,-0.28616231445279194,-0.046845655283240674,0.13711687372952328,0.01880103706135803,0.3616868690102807,"(-1,-0.2]",Q4,0.0,False
37,18,RUN,True,True,0.09919682355250271,0.16255539925911486,-0.06335857570661214,0.13924998034378763,0.07171379499365438,0.09261783281863739,-0.0051026976423107695,0.13422729471436548,0.01801696664633713,0.3616868690102807,"(-0.2,0.2]",Q4,0.0,False
37,19,TUMBLE,True,True,0.09732726709876466,0.11902515616859598,-0.02169788906983132,0.1472945901980962,0.09096376377545369,0.05191578979150273,-0.015028459693679386,0.12960863241022433,0.016798397595248652,0.3616868690102807,"(-0.2,0.2]",Q4,0.0,True
38,0,RUN,True,False,,,,,,,,,,,,,0.0,False
38,1,TUMBLE,True,True,0.2982485300279257,0.2982485300279257,0.0,,,,-0.0034053576927447204,0.0017026788463723463,2.899115253883864e-06,0.0034053576927446927,,Q1,0.0,False
38,2,TUMBLE,True,True,0.2430727356373398,0.2982485300279257,-0.05517579439058587,-0.056878473236958244,,,-0.029290576041665285,0.026848786703515936,0.0007208573474508941,0.05858115208333056,,Q1,0.0,False
38,3,TUMBLE,True,True,-0.04010736736111184,0.2982485300279257,-0.3383558973890375,-0.3107680001937446,-0.3210990851564238,,-0.10804595596359333,0.14097077614577772,0.01987275972714297,0.34176125508178223,"(-1,-0.2]",Q4,0.0,False
38,4,RUN,True,True,0.4583087680717415,0.2982485300279257,0.1600602380438158,0.35682608393362747,0.2912374686370236,0.2575918215655355,-0.002504613668689549,0.16283358138819673,0.02651477522770649,0.49841613543285335,"(0.2,1]",Q4,0.0,False
38,5,TUMBLE,True,True,0.2620660399915639,0.2430727356373398,0.01899330435422411,0.05296533963624911,0.04164132787557409,0.022185373397590136,0.01428710523616777,0.16119235967878295,0.025982976818814132,0.49841613543285335,"(-0.2,0.2]",Q4,0.0,False
38,6,RUN,True,True,0.26193936815185803,-0.04010736736111184,0.3020467355129699,-0.09824803587979469,0.03518355458446018,0.031104324066974665,0.033990667238171214,0.15940715467318717,0.02541064096100142,0.49841613543285335,"(-0.2,0.2]",Q4,0.0,False
38,7,TUMBLE,True,True,0.14995790949904975,0.4583087680717415,-0.30835085857269173,-0.11204479457266125,-0.17748014923933808,-0.08559379271446316,0.018376115380044,0.16301471708468193,0.02657379798619889,0.49841613543285335,"(-0.2,0.2]",Q4,0.0,False
38,8,RUN,True,True,0.04822043243324309,0.2620660399915639,-0.21384560755832083,-0.1577282063922108,-0.17643400678091417,-0.23484758899531022,-0.09322848017695112,0.13670247725702825,0.018687567288208324,0.4100883356384984,"(-0.2,0.2]",Q4,0.0,False
38,9,TUMBLE,True,True,-0.031726334269234865,0.26193936815185803,-0.2936657024210929,-0.13081550523538127,-0.18509890429728515,-0.2122722717881636,-0.08013036842402128,0.11641623452745714,0.013552739661551905,0.2937923742607988,"(-0.2,0.2]",Q3,0.0,False
38,10,RUN,True,True,0.030262860029966712,0.14995790949904975,-0.11969504946908303,0.0220158109479626,-0.02522114252438594,-0.07683498392376228,-0.06450372600120674,0.1032225524629523,0.01065489533696694,0.2936657024210929,"(-0.2,0.2]",Q3,0.0,False
38,11,TUMBLE,True,True,0.13541479755479513,0.04822043243324309,0.08719436512155204,0.13614653467442922,0.11982914482347015,0.08623608063153897,-0.004704379629178575,0.06783823434909125,0.004602026039602225,0.18168424376828463,"(-0.2,0.2]",Q2,0.0,False
38,12,TUMBLE,True,True,-0.17337286663973947,-0.031726334269234865,-0.14164653237050462,-0.2562116954321204,-0.21802330774491513,-0.218915805576932,-0.027604546632193507,0.1025938061299823,0.010525489056236393,0.30878766419453463,"(-1,-0.2]",Q3,0.0,False
38,13,TUMBLE,True,True,0.03553204371482861,0.030262860029966712,0.0052691836848619,0.05451107825730078,0.03809711339982116,0.045387429545881736,-0.006911897070157917,0.10156497403746415,0.010315443951230767,0.30878766419453463,"(-0.2,0.2]",Q3,0.0,False
38,14,TUMBLE,True,True,-0.08539026941300683,0.13541479755479513,-0.22080506696780194,-0.016469857950551406,-0.08458159428963492,-0.09234947807796957,-0.033118901272591345,0.10696046339791318,0.011440540730296326,0.30878766419453463,"(-0.2,0.2]",Q3,0.0,False
38,15,TUMBLE,True,True,-0.07705153806610418,-0.17337286663973947,0.09632132857363529,-0.05212242521701507,-0.0026411739534649564,-0.05509746437032354,-0.033695007401506605,0.10719141904213939,0.011490000316267523,0.30878766419453463,"(-0.2,0.2]",Q3,0.0,False
38,16,RUN,True,True,0.11262920007194907,0.03553204371482861,0.07709715635712046,0.19385010381150458,0.1549324546600432,0.18769985767295452,0.04594205516424443,0.10019150599924116,0.010038337874395977,0.28600206671168854,"(-0.2,0.2]",Q3,0.0,False
38,17,TUMBLE,True,True,0.1514871021075343,-0.08539026941300683,0.2368773715205411,0.13369827110461185,0.16809130457658827,0.15505724303061763,0.0429929586270367,0.0962907220207014,0.00927190314726799,0.2368773715205411,"(-0.2,0.2]",Q3,0.0,False
38,18,RUN,True,True,-0.05954214111082122,-0.07705153806610418,0.01750939695528296,-0.1916002922005629,-0.12189706248194762,-0.0849607647859143,0.02802348967780097,0.10203171660501043,0.01041047119336516,0.2368773715205411,"(-0.2,0.2]",Q3,0.0,False
38,19,TUMBLE,True,True,-0.06885315662526736,0.11262920007194907,-0.18148235669721643,-0.1148256371236239,-0.13704454364815472,-0.10073381237590685,-0.01557745783010965,0.09916473246115606,0.009833644164092659,0.22853864017363848,"(-0.2,0.2]",Q3,0.0,True
39,0,TUMBLE,True,False,,,,,,,,,,,,,1.0,True
40,0,TUMBLE,True,False,,,,,,,,,,,,,0.0,False
40,1,TUMBLE,True,True,0.09070062637709762,0.09070062637709762,0.0,,,,0.11659601657117517,0.058298008285587594,0.0033986577700664397,0.11659601657117519,,Q1,0.0,False
40,2,TUMBLE,True,True,0.04254811241224868,0.09070062637709762,-0.048152513964848945,0.010145494320738649,,,0.03422175130316313,0.047839789030590794,0.0022886454144914353,0.11659601657117519,,Q1,0.0,False
40,3,RUN,True,True,0.005667370976881331,0.09070062637709762,-0.08503325540021629,-0.06095699841779181,-0.030117078554874915,,0.004653576954802779,0.043434476683231395,0.0018865537647461718,0.11659601657117519,"(-0.2,0.2]",Q1,0.0,False
40,4,TUMBLE,True,True,0.005092435533168446,0.09070062637709762,-0.08560819084392918,-0.01901530616139656,-0.04121293438890743,-0.02316274435986907,-0.00230576039457242,0.039938515846258495,0.0015950850480018408,0.11659601657117519,"(-0.2,0.2]",Q1,0.0,False
40,5,TUMBLE,True,True,0.3202896372574209,0.04254811241224868,0.2777415248451722,0.31490973400239597,0.30252033094998804,0.2842875009325719,0.04217223448815661,0.11795413410124282,0.013913177751573975,0.3151972017242524,"(0.2,1]",Q3,0.0,False
40,6,TUMBLE,True,True,0.08025184582345721,0.005667370976881331,0.07458447484657588,-0.08243919057183746,-0.030097968765699673,-0.01314754322147263,0.03900297331029566,0.1180663782929996,0.013939669683225686,0.3151972017242524,"(-0.2,0.2]",Q3,0.0,False
40,7,TUMBLE,True,True,0.1409164872657688,0.005092435533168446,0.13582405173260037,-0.059354254274670254,0.005705181061086639,0.03809116486803685,0.034565764286806376,0.11657823489316037,0.013590484850804874,0.3151972017242524,"(-0.2,0.2]",Q3,0.0,False
40,8,RUN,True,True,-0.014881354909458813,0.3202896372574209,-0.3351709921668797,-0.1254655214540718,-0.1953673450250078,-0.15151895637941265,-0.021932073087690632,0.12049585764460338,0.014519251709508523,0.3351709921668797,"(-0.2,0.2]",Q4,0.0,False
40,9,RUN,True,True,0.20878381614833647,0.08025184582345721,0.12853197032487926,0.14576624997018148,0.14002149008841408,0.07713966228903946,-0.03181448429510851,0.11361726155559253,0.012908882123391923,0.3351709921668797,"(-0.2,0.2]",Q3,0.0,False
40,10,RUN,True,True,-0.05644548414072151,0.1409164872657688,-0.1973619714064903,-0.15339671476016034,-0.168051800308937,-0.16021318272274743,-0.020552733104578964,0.0975434485850079,0.009514724361856079,0.265229300289058,"(-0.2,0.2]",Q3,0.0,False
40,11,TUMBLE,True,True,0.2506047101653935,-0.014881354909458813,0.2654860650748523,0.17443554416158602,0.20478571779934143,0.18101134407441224,0.017781231656798648,0.12140413881249232,0.014738964920802903,0.307050194306115,"(0.2,1]",Q4,0.0,False
40,12,RUN,True,True,0.17746389770962667,0.20878381614833647,-0.03131991843870979,0.08038428469729068,0.04314955031862386,0.08044847589373927,0.042651139925522795,0.124362814044076,0.015466109516961426,0.307050194306115,"(-0.2,0.2]",Q4,0.0,False
40,13,RUN,True,True,0.09951179444441657,-0.05644548414072151,0.15595727858513808,-0.1145225094930935,-0.024362580133682962,-0.04558994052624221,0.00153653384425083,0.10818283642841349,0.011703526097696869,0.307050194306115,"(-0.2,0.2]",Q3,0.0,False
40,14,TUMBLE,True,True,0.07195103147553081,0.2506047101653935,-0.17865367868986268,-0.06653681460149083,-0.1039091026309481,-0.045832698069148,0.010570011551152792,0.10351166779530117,0.01071466536976479,0.307050194306115,"(-0.2,0.2]",Q3,0.0,False
40,15,TUMBLE,True,True,0.06535792156991253,0.17746389770962667,-0.11210597613971414,-0.020373491390061158,-0.05095098630661217,-0.08452493687882935,-0.047600644342505806,0.07103772356677547,0.005046358169549607,0.18524678859548094,"(-0.2,0.2]",Q2,0.0,False
40,16,TUMBLE,True,True,-0.126019804385339,0.09951179444441657,-0.22553159882975557,-0.19467428090806066,-0.20496005354862562,-0.22959096568521065,-0.06411212770644353,0.100106252026105,0.010021261694714052,0.30348370209496567,"(-1,-0.2]",Q3,0.0,False
40,17,TUMBLE,True,True,0.18146230095685792,0.07195103147553081,0.10951126948132711,0.21179324236457114,0.1776992514034898,0.1537620651807277,-0.0034069822835987216,0.10107146291204026,0.01021544061517993,0.3074821053421969,"(-0.2,0.2]",Q3,0.0,False
40,18,TUMBLE,True,True,0.1311701195132294,0.06535792156991253,0.06581219794331687,0.10344887122746994,0.09090331346608559,0.08298225710898885,0.02345425554623425,0.10438269039622405,0.010895746054353965,0.3074821053421969,"(-0.2,0.2]",Q3,0.0,False
40,19,TUMBLE,True,True,0.19304951703996892,-0.126019804385339,0.3190693214253079,0.03673330680492526,0.13084531167838614,0.13005688262630372,0.05125731148386811,0.11657303474149852,0.01358927242884262,0.3190693214253079,"(-0.2,0.2]",Q3,0.0,True
41,0,TUMBLE,True,False,,,,,,,,,,,,,0.0,False
41,1,TUMBLE,True,True,0.13862342868293973,0.13862342868293973,0.0,,,,0.05092679031737401,0.025463395158687015,0.0006483844930074453,0.05092679031737403,,Q1,0.0,False
41,2,TUMBLE,True,True,-0.03021519424287826,0.13862342868293973,-0.16883862292581797,-0.14337522776713096,,,-0.05895591630422196,0.07071320702716324,0.005000357648066449,0.16883862292581797,,Q2,0.0,False
41,3,TUMBLE,True,True,0.04457660585098147,0.13862342868293973,-0.09404682283195825,-0.009627511369049262,-0.020791685084227587,,-0.02981987204695708,0.0618976848732661,0.003831323392670155,0.16883862292581797,"(-0.2,0.2]",Q1,0.0,False
41,4,RUN,True,True,0.2477734721145222,0.13862342868293973,0.10915004343158247,0.24059276631047058,0.19677852535084123,0.18760310245037004,0.02261068446659547,0.09325366782050329,0.00869624656197677,0.27798866635740044,"(-0.2,0.2]",Q2,0.0,False
41,5,TUMBLE,True,True,0.131880555338757,-0.03021519424287826,0.16209574958163525,-0.014294483643994826,0.04450226076454854,0.03169097723736572,0.026450291966903492,0.09397853840733729,0.00883196568117937,0.27798866635740044,"(-0.2,0.2]",Q3,0.0,False
41,6,RUN,True,True,0.16395367160397764,0.04457660585098147,0.11937706575299617,-0.025873342122661958,0.0225434605025574,0.06544981183863205,0.04756416811814874,0.09622796563739656,0.009259821370711975,0.27798866635740044,"(-0.2,0.2]",Q3,0.0,False
41,7,RUN,True,True,0.04256255408825356,0.2477734721145222,-0.20521091802626862,-0.10535455938311376,-0.1386400122641654,-0.10448352213880603,-0.008784790403600001,0.07732438886339935,0.0059790611130981965,0.20521091802626862,"(-0.2,0.2]",Q2,0.0,False
41,8,TUMBLE,True,True,0.16710972302433055,0.131880555338757,0.03522916768557355,0.06385161017821495,0.054310796014001156,0.02056715973795295,-0.025064549943088685,0.0662058408792858,0.004383213366533311,0.20521091802626862,"(-0.2,0.2]",Q2,0.0,False
41,9,RUN,True,True,-0.032879867983185665,0.16395367160397764,-0.19683353958716332,-0.13771600653947774,-0.15742185088870625,-0.15925649399701536,-0.032636479522353254,0.077995405175289,0.006083283228457498,0.19998959100751623,"(-0.2,0.2]",Q2,0.0,False
41,10,TUMBLE,True,True,-0.09729880935687005,0.04256255408825356,-0.13986136344512362,-0.16441373687744248,-0.15622961240000288,-0.18248532954021407,-0.05979473839931345,0.10517876801420707,0.011062573240986388,0.2644085323812006,"(-0.2,0.2]",Q3,0.0,False
41,11,TUMBLE,True,True,0.10131249370528891,0.16710972302433055,-0.06579722931904164,0.16640183237531678,0.08900214514386397,0.0814390937621568,-0.014690865314712987,0.09382049589901197,0.008802285450736521,0.2644085323812006,"(-0.2,0.2]",Q3,0.0,False
41,12,RUN,True,True,-0.05150638281123213,-0.032879867983185665,-0.01862651482804647,-0.05351322498544157,-0.0418843215996432,-0.08606726765862308,-0.030303984998265088,0.0998862007836391,0.009977253106989466,0.2644085323812006,"(-0.2,0.2]",Q3,0.0,False
41,13,TUMBLE,True,True,0.03569317807713249,-0.09729880935687005,0.13299198743400253,0.010790122630104097,0.05152407756473691,0.05578631968863222,0.018293851866627416,0.06977109184208077,0.0048680052568360705,0.19861130306215896,"(-0.2,0.2]",Q2,0.0,False
41,14,TUMBLE,True,True,0.0015533127035522037,0.10131249370528891,-0.09975918100173671,0.009459915070602027,-0.026946450286844222,0.004503192799972399,0.013208492849268815,0.06875988065808983,0.004727921188114756,0.19861130306215896,"(-0.2,0.2]",Q2,0.0,False
41,15,RUN,True,True,-0.024003700444572833,-0.05150638281123213,0.0275026823666593,-0.04262694583491518,-0.01925040310105702,-0.0457668508632582,-0.019757269278493927,0.05286717211739016,0.0027949378876897554,0.15281887651652104,"(-0.2,0.2]",Q1,0.0,False
41,16,TUMBLE,True,True,0.11401221501585955,0.03569317807713249,0.07831903693872706,0.12523740888636986,0.10959795157048893,0.12357811313463962,0.0271340317132478,0.057195655877679365,0.003271343051277918,0.1655185978270917,"(-0.2,0.2]",Q1,0.0,False
41,17,RUN,True,True,0.17686839823219241,0.0015533127035522037,0.17531508552864022,0.13186414094654905,0.14634778914057944,0.14505464689419956,0.03948093426224271,0.07434460292604225,0.00552711998423089,0.20087209867676525,"(-0.2,0.2]",Q2,0.0,False
41,18,TUMBLE,True,True,0.012549040924258154,-0.024003700444572833,0.036552741368830986,-0.13289126569976784,-0.0764099300102349,-0.05455851545249968,0.022286355511817714,0.07645575802606026,0.0058454829353394785,0.20087209867676525,"(-0.2,0.2]",Q2,0.0,False
41,19,TUMBLE,True,True,0.132652052086352,0.11401221501585955,0.01863983707049245,0.03794333250812672,0.031508834028915286,0.06279556365441769,0.021184833097024833,0.0756964753165858,0.005729956375354483,0.20087209867676525,"(-0.2,0.2]",Q2,0.0,True
42,0,TUMBLE,True,False,,,,,,,,,,,,,0.0,False
42,1,RUN,True,True,0.12671082046603988,0.12671082046603988,0.0,,,,-0.2846493507587088,0.14232467537935442,0.020256313221838615,0.28464935075870884,,Q4,0.0,False
42,2,TUMBLE,True,True,0.03158181339667151,0.12671082046603988,-0.09512900706936836,-0.2374536824487228,,,-0.1898891789140386,0.16135068155623344,0.026034042438661052,0.37977835782807723,,Q4,0.0,False
42,3,RUN,True,True,0.12160284326416156,0.12671082046603988,-0.005107977201878319,0.04245652633280586,-0.06828142509832517,,-0.09644009909511304,0.142827598940188,0.020399723019019194,0.37977835782807723,"(-0.2,0.2]",Q4,0.0,False
42,4,TUMBLE,True,True,0.17192678109944773,0.12671082046603988,0.04521596063340785,0.0953344527690312,0.07862828872382341,-0.0008871309884577183,-0.04839747574524803,0.12774938095911803,0.016319904335437868,0.37977835782807723,"(-0.2,0.2]",Q4,0.0,False
42,5,TUMBLE,True,True,0.2164927900992365,0.03158181339667151,0.18491097670256498,0.06972797791743185,0.10812231084580957,0.10353722554265632,0.031990890696916935,0.06154549522267009,0.003787847982203707,0.18491097670256498,"(-0.2,0.2]",Q1,0.0,False
42,6,TUMBLE,True,True,0.08903242626052385,0.12160284326416156,-0.032570417003637706,-0.10517735933881825,-0.08097504522709142,-0.04636863070435546,0.020979117256277963,0.06418545578775842,0.0041197727346822905,0.18491097670256498,"(-0.2,0.2]",Q1,0.0,False
42,7,TUMBLE,True,True,0.03995117047051361,0.17192678109944773,-0.13197561062893412,-0.11281143770936658,-0.11919949534922242,-0.10981253971032881,-0.02461977004262197,0.0617613636402467,0.0038144660387027874,0.1765416196287229,"(-0.2,0.2]",Q1,0.0,False
42,8,TUMBLE,True,True,0.16628922256375733,0.2164927900992365,-0.050203567535479166,0.1017974241982386,0.051130426953666,0.0369384305813269,-0.01878167367001037,0.06342848531864907,0.004023172749818081,0.1765416196287229,"(-0.2,0.2]",Q1,0.0,False
42,9,TUMBLE,True,True,0.4043999647848754,0.08903242626052385,0.3153675385243515,0.30127976826773994,0.3059756916866105,0.27645856243636757,0.045307114567451096,0.12626287048020557,0.015942312461901167,0.3644487943143618,"(0.2,1]",Q4,0.0,False
42,10,TUMBLE,True,True,0.24420927258176842,0.03995117047051361,0.2042581021112548,-0.041135321092547944,0.040662486642052964,0.06929107656185088,0.06748024869568507,0.128195013509963,0.0164339614888196,0.3644487943143618,"(-0.2,0.2]",Q4,0.0,False
42,11,RUN,True,True,0.503032935995581,0.16628922256375733,0.33674371343182363,0.17872831731225908,0.23140011601878058,0.28932052839535227,0.10040835810681457,0.16534740624961453,0.027339764753475066,0.46308176552506736,"(0.2,1]",Q4,0.0,False
42,12,RUN,True,True,0.39168531867100104,0.4043999647848754,-0.01271464611387435,0.01806421438232636,0.007804594216926086,0.062202469689505546,0.0549425163425193,0.12060784988270468,0.014546253453329026,0.33674371343182363,"(-0.2,0.2]",Q4,1.0,True
43,0,TUMBLE,True,False,,,,,,,,,,,,,0.0,False
43,1,TUMBLE,True,True,0.1532127796462749,0.1532127796462749,0.0,,,,0.02205956043693269,0.011029780218466359,0.0001216560516676718,0.022059560436932718,,Q1,0.0,False
43,2,TUMBLE,True,True,0.08341310681002248,0.1532127796462749,-0.06979967283625241,-0.05876989261778606,,,-0.023870056199659845,0.02913138221273149,0.0008486374296242486,0.06979967283625241,,Q1,0.0,False
43,3,RUN,True,True,0.003939219878482853,0.1532127796462749,-0.14927355976779202,-0.11437372334966583,-0.118653815343397,,-0.04514416708288306,0.05723844470836769,0.003276239552632865,0.14927355976779202,"(-0.2,0.2]",Q1,0.0,False
43,4,TUMBLE,True,True,0.03814063461850102,0.1532127796462749,-0.11507214502777387,-0.005535528725751644,-0.042047734159759056,-0.05478894676752957,-0.03352987289494744,0.05568917517946843,0.0031012842321695225,0.14927355976779202,"(-0.2,0.2]",Q1,0.0,False
43,5,RUN,True,True,0.006666190014296932,0.08341310681002248,-0.07674691679572555,-0.014373737234195003,-0.03516479708803852,-0.06301024522402339,-0.03383656514554773,0.05596273401016985,0.0031318275978930213,0.14927355976779202,"(-0.2,0.2]",Q1,0.0,False
43,6,TUMBLE,True,True,0.2510223069021102,0.003939219878482853,0.24708308702362733,0.22861889458571122,0.23477362539834992,0.21798251907178437,0.03379453703199893,0.09178126444604351,0.008423800503314571,0.24708308702362733,"(0.2,1]",Q2,0.0,False
43,7,TUMBLE,True,True,-0.017666531004432703,0.03814063461850102,-0.055807165622933724,-0.14651077946263624,-0.11627624151606875,-0.09260861885778045,0.01696701705177781,0.09891681456278087,0.009784536203247577,0.2686888379065429,"(-0.2,0.2]",Q3,0.0,False
43,8,RUN,True,True,-0.03869973616357733,0.006666190014296932,-0.045365926177874265,-0.15537762411241607,-0.11870705813423546,-0.10824038629619619,-0.017801346258288626,0.10474027675690675,0.01097052557511342,0.2897220430656875,"(-0.2,0.2]",Q3,0.0,False
43,9,TUMBLE,True,True,-0.1169089140774818,0.2510223069021102,-0.36793122097959197,-0.08872578049347679,-0.18179426065551518,-0.16723947151458107,-0.053687225124924486,0.12418452815619947,0.0154217970333779,0.36793122097959197,"(-0.2,0.2]",Q4,0.0,False
43,10,TUMBLE,True,True,0.024053701159058274,-0.017666531004432703,0.04172023216349098,0.10185802627958784,0.08181209490755556,0.004616919744903688,-0.05531795945591531,0.12409316461551984,0.015399113504294504,0.36793122097959197,"(-0.2,0.2]",Q4,0.0,False
43,11,RUN,True,True,0.023593902806515396,-0.03869973616357733,0.06229363897009273,0.07002150926572716,0.06744555250051568,0.06089927282812379,0.014527430494453174,0.05187728836800418,0.0026912530484170622,0.14096261523654008,"(-0.2,0.2]",Q1,0.0,False
43,12,TUMBLE,True,True,-0.03829455231989231,-0.1169089140774818,0.07861436175758948,-0.062118354302679146,-0.015207448949256266,-0.011304290751020945,0.014131318457136723,0.05194025273770163,0.0026977898544563216,0.14096261523654008,"(-0.2,0.2]",Q1,0.0,False
43,13,TUMBLE,True,True,0.06579981345186438,0.024053701159058274,0.0417461122928061,0.07315013820855283,0.06268212956997059,0.09268877905981449,0.03030692015797418,0.06364011571684444,0.004050064328453351,0.1827087275293462,"(-0.2,0.2]",Q1,0.0,False
43,14,RUN,True,True,0.10366046949391455,0.023593902806515396,0.08006656668739916,0.08990783892792852,0.08662741484775206,0.08487225321952813,0.020141944731506146,0.04750156247309973,0.0022563984373857966,0.14195502181380687,"(-0.2,0.2]",Q1,0.0,False
43,15,TUMBLE,True,True,0.09576423441280517,-0.03829455231989231,0.13405878673269747,0.01103409293991571,0.052042324204176295,0.057074326054704666,0.028629568502638633,0.05237671294319516,0.002743320058733867,0.14195502181380687,"(-0.2,0.2]",Q1,0.0,False
43,16,RUN,True,True,0.0491015409082521,0.06579981345186438,-0.01669827254361228,-0.05061081104510777,-0.03930663154460927,-0.007630950351420848,0.020475660741722964,0.05076347620198565,0.002576930516109564,0.14195502181380687,"(-0.2,0.2]",Q1,0.0,False
43,17,TUMBLE,True,True,-0.012495120842972683,0.10366046949391455,-0.11615559033688724,-0.08492800850350132,-0.09533720244796329,-0.09107663540968172,-0.021114879717533647,0.041455044049865004,0.0017185206771762479,0.11615559033688724,"(-0.2,0.2]",Q1,0.0,False
43,18,TUMBLE,True,True,-0.04452085362447093,0.09576423441280517,-0.1402850880372761,-0.06282406365711064,-0.08864440511716579,-0.10352863461747072,-0.04046220014925488,0.05853245351179059,0.003426048114109926,0.1481813231183855,"(-0.2,0.2]",Q1,0.0,False
43,19,RUN,True,True,0.08558261513922863,0.0491015409082521,0.03648107423097653,0.11409060237295043,0.08822075965895913,0.06362016492582521,-0.011398563307987617,0.05482446132013332,0.0030057215590427945,0.1402850880372761,"(-0.2,0.2]",Q1,0.0,True
44,0,TUMBLE,True,False,,,,,,,,,,,,,0.0,False
44,1,TUMBLE,True,True,0.2240915629937586,0.2240915629937586,0.0,,,,0.005054635666602164,0.002527317833301096,6.387335430521746e-06,0.005054635666602192,,Q1,0.0,False
44,2,TUMBLE,True,True,0.1613193703252053,0.2240915629937586,-0.0627721926685533,-0.060244874835252205,,,-0.028858778500975554,0.028474577160870942,0.0008108015444903931,0.0627721926685533,,Q1,0.0,False
44,3,TUMBLE,True,True,0.39782720645562303,0.2240915629937586,0.17373564346186443,0.20512173979614107,0.19634458624024959,,0.04735986447168463,0.0885237285179266,0.00783645051071557,0.23650783613041773,"(-0.2,0.2]",Q2,0.0,False
44,4,TUMBLE,True,True,0.15595538337939263,0.2240915629937586,-0.06813617961436597,-0.12361790501102154,-0.10512399654546967,-0.0946133833960432,0.004757255556633681,0.08775779839647257,0.007701431179395924,0.2418718230762304,"(-0.2,0.2]",Q2,0.0,False
44,5,TUMBLE,True,True,0.11650560308621065,0.1613193703252053,-0.04481376723899465,-0.1603856918312972,-0.12186171696719635,-0.11829277770228423,-0.022053590676090865,0.09950172075901612,0.009900592434005219,0.28132160336941237,"(-0.2,0.2]",Q3,0.0,False
44,6,RUN,True,True,0.13152197726378545,0.39782720645562303,-0.2663052291918376,-0.004708515969016197,-0.09190742037662333,-0.07637991354782245,-0.03409163894922518,0.1038849274308761,0.010792078147318394,0.28132160336941237,"(-0.2,0.2]",Q3,0.0,False
44,7,TUMBLE,True,True,0.06608865371830616,0.15595538337939263,-0.08986672966108647,-0.057925136456691895,-0.06857233419149009,-0.13436388882794678,-0.0687910511590241,0.11591219978837543,0.01343563805978026,0.3317385527373169,"(-0.2,0.2]",Q3,0.0,False
44,8,RUN,True,True,0.05028036249364161,0.11650560308621065,-0.06622524059256904,-0.0485249529974042,-0.054425048862459136,-0.06723754186828211,-0.02617669911394066,0.03984032142412273,0.0015872512111774124,0.10567502088575102,"(-0.2,0.2]",Q1,0.0,False
44,9,TUMBLE,True,True,0.12217675514057477,0.13152197726378545,-0.009345222123210678,0.06399224703460088,0.03954642398199702,0.03107760600008881,-0.006989931066141569,0.032692033390179086,0.0010687690471845842,0.08124161477014384,"(-0.2,0.2]",Q1,0.0,False
44,10,TUMBLE,True,True,-0.09861588686526297,0.06608865371830616,-0.16470454058356915,-0.18484444568237118,-0.17813114398277047,-0.19113282401933995,-0.04041876268358282,0.08259405002231879,0.006821777099089298,0.2301378641290484,"(-0.2,0.2]",Q2,0.0,False
44,11,RUN,True,True,0.13707732805353184,0.05028036249364161,0.08679696555989024,0.12529689391587595,0.1124635844638807,0.10209485693171695,-0.0006918900688453225,0.0836560486134317,0.006998334469612849,0.2356932149187948,"(-0.2,0.2]",Q2,0.0,False
44,12,RUN,True,True,0.1120081879792414,0.12217675514057477,-0.010168567161333367,0.09277746738510698,0.05846212253629353,0.059278548273620085,0.013835622388415653,0.08678716353481508,0.007532011754418737,0.2356932149187948,"(-0.2,0.2]",Q2,0.0,False
44,13,RUN,True,True,-0.04804850236553136,-0.09861588686526297,0.05056738449973161,-0.17259126038191797,-0.09820504542136813,-0.11621009844255262,-0.012982644016770793,0.09819174868037048,0.009641619508909037,0.2356932149187948,"(-0.2,0.2]",Q3,0.0,False
44,14,TUMBLE,True,True,0.028991254813790546,0.13707732805353184,-0.1080860732397413,-0.0029885879930644753,-0.03802108307529008,0.0033859731132958176,0.0070088452939044,0.09028447242995208,0.008151285961954777,0.2356932149187948,"(-0.2,0.2]",Q2,0.0,False
44,15,TUMBLE,True,True,0.024070872378960252,0.1120081879792414,-0.08793731560028115,0.03359949615483066,-0.00691277443020661,-0.03343619474129785,-0.0309029844514594,0.0665602158888689,0.004430262339172836,0.18512583041906322,"(-0.2,0.2]",Q2,0.0,False
44,16,RUN,True,True,0.049591364739669436,-0.04804850236553136,0.0976398671052008,0.023060301143294035,0.04792015646392962,0.020335911538054224,-0.005271427173465244,0.05134531288650433,0.002636341155413028,0.16005669034477277,"(-0.2,0.2]",Q1,0.0,False
44,17,TUMBLE,True,True,-0.06959120032874087,0.028991254813790546,-0.09858245514253142,-0.10642231888805571,-0.10380903097288095,-0.08324244772046309,-0.002248528600054006,0.046874043242867244,0.0021971759299341882,0.11918256506841031,"(-0.2,0.2]",Q1,0.0,False
44,18,TUMBLE,True,True,-0.0536306044335125,0.024070872378960252,-0.07770147681247275,-0.04363068663897678,-0.05498761669680877,-0.06189617733443234,-0.025890579120230718,0.047987017006834075,0.002302753801214183,0.11918256506841031,"(-0.2,0.2]",Q1,0.0,False
44,19,RUN,True,True,-0.05568197825051367,0.049591364739669436,-0.10527334299018311,0.0059289241306130155,-0.03113849824298569,-0.04329208633960775,-0.026272767043212974,0.048256011758907445,0.002328642670875814,0.11918256506841031,"(-0.2,0.2]",Q1,0.0,True
45,0,TUMBLE,True,False,,,,,,,,,,,,,0.0,False
45,1,TUMBLE,True,True,0.06474361941005208,0.06474361941005208,0.0,,,,-0.128818332099989,0.0644091660499945,0.004148540671255764,0.128818332099989,,Q2,0.0,False
45,2,TUMBLE,True,True,0.48915003282602826,0.06474361941005208,0.4244064134159762,0.3599972473659817,,,0.14779404065799348,0.17766612890778596,0.031565253361078016,0.4244064134159762,,Q4,0.0,False
45,3,TUMBLE,True,True,0.5353973967610536,0.06474361941005208,0.4706537773510015,0.2584505706430134,0.2862455288456798,,0.14499127491690136,0.1975779195477959,0.03903703429283532,0.4706537773510015,"(0.2,1]",Q4,0.0,False
45,4,RUN,True,True,0.33903937533519446,0.06474361941005208,0.2742957559251424,-0.17323433945834643,-0.024057640997183494,0.018326125208400712,0.07616086250013081,0.1768710347476174,0.03128336293269288,0.4706537773510015,"(-0.2,0.2]",Q4,0.0,False
45,5,RUN,True,True,0.42839130464709746,0.48915003282602826,-0.0607587281789308,-0.00882708140102656,-0.026137630326994565,0.0713086985640154,0.057718471298325705,0.16678942141429873,0.02781871109571653,0.4706537773510015,"(-0.2,0.2]",Q4,0.0,False
45,6,TUMBLE,True,True,0.2978656969262127,0.5353973967610536,-0.2375316998348409,-0.08584964306493326,-0.1364103286549025,-0.15012883046613074,-0.04895747639135881,0.0890162696285175,0.007923896258576927,0.2375316998348409,"(-0.2,0.2]",Q2,0.0,False
45,7,TUMBLE,True,True,-0.09988224356619851,0.33903937533519446,-0.438921618901393,-0.46301074435285355,-0.4549810358690333,-0.5000556869835882,-0.1311732959063486,0.2160234091900007,0.04666611331807048,0.635279640327252,"(-1,-0.2]",Q4,0.0,False
45,8,TUMBLE,True,True,0.28991090942902475,0.42839130464709746,-0.1384803952180727,0.19091918274901767,0.08111932342665426,0.04855737609344829,-0.06265304800256354,0.18223467656528622,0.033209477342854475,0.528273548213296,"(-0.2,0.2]",Q4,0.0,False
45,9,TUMBLE,True,True,0.25297691357209295,0.2978656969262127,-0.04488878335411972,0.15796258064067983,0.09034545930907997,0.023905496713058888,-0.03587835696471972,0.1771046037908779,0.03136604068392384,0.528273548213296,"(-0.2,0.2]",Q4,0.0,False
45,10,TUMBLE,True,True,0.48028589072445615,-0.09988224356619851,0.5801681342906546,0.2088419792238973,0.33261736424614974,0.2950680716341732,0.07176995447347782,0.18930169659866586,0.03583513233513334,0.5801681342906546,"(0.2,1]",Q4,0.0,False
45,11,RUN,True,True,0.49385047315683256,0.28991090942902475,0.2039395637278078,0.127219071008558,0.15279256858164125,0.26302760561698874,0.13778404147414938,0.2149077411129007,0.04618533719024955,0.5937327167230311,"(-0.2,0.2]",Q4,1.0,True
46,0,RUN,True,False,,,,,,,,,,,,,0.0,False
46,1,TUMBLE,True,True,-0.11156589958294295,-0.11156589958294295,0.0,,,,-0.03852028150642842,0.019260140753214222,0.0003709530218336233,0.038520281506428444,,Q1,0.0,False
46,2,RUN,True,True,-0.09255418567216704,-0.11156589958294295,0.019011713910775913,-0.0002484268424383096,,,-0.009754283797826271,0.015726275121570085,0.0002473157291993142,0.038520281506428444,,Q1,0.0,False
46,3,TUMBLE,True,True,-0.071510084799072,-0.11156589958294295,0.04005581478387095,0.030549957828482993,0.02087848297813616,,0.0023618313743103574,0.016346868784259446,0.0002672201190497959,0.04005581478387095,"(-0.2,0.2]",Q1,0.0,False
46,4,TUMBLE,True,True,-0.12988256409602944,-0.11156589958294295,-0.018316664513086486,-0.04785042886040991,-0.038005840744635436,-0.042713617063355316,-0.007361807725515889,0.022487520727315184,0.00050568858846143,0.058372479296957436,"(-0.2,0.2]",Q1,0.0,False
46,5,RUN,True,True,-0.021632046561127223,-0.09255418567216704,0.07092213911103981,0.0790642778864235,0.07635023162796228,0.07974613697642563,0.014253932761976906,0.03734651956997922,0.0013947625239908406,0.10825051753490222,"(-0.2,0.2]",Q1,0.0,False
46,6,TUMBLE,True,True,0.0669444848721953,-0.071510084799072,0.1384545696712673,0.14270179020077361,0.14128605002427153,0.14583920515429422,0.03688753793266695,0.06802227115064145,0.004627029372491389,0.19682704896822473,"(-0.2,0.2]",Q2,0.0,False
46,7,RUN,True,True,0.01724390304030249,-0.12988256409602944,0.14712646713633193,-0.00541231611523155,0.045433944968622936,0.05626395568631083,0.03743350246469737,0.06837386973244076,0.004674986062188779,0.19682704896822473,"(-0.2,0.2]",Q2,0.0,False
46,8,RUN,True,True,0.08287419103112861,-0.021632046561127223,0.10450623759225583,0.04077999707487972,0.06202207724733842,0.09970574671729333,0.04643894598557459,0.07607381391378441,0.005787225163389099,0.21275675512715805,"(-0.2,0.2]",Q2,0.0,False
46,9,RUN,True,True,-0.18278788797653536,0.0669444848721953,-0.24973237284873068,-0.2328469350122509,-0.2384754142910775,-0.21914552107216015,-0.03063819766718829,0.09512864007424925,0.00904945816237606,0.265662079007664,"(-1,-0.2]",Q3,0.0,False
46,10,TUMBLE,True,True,0.05407025867014003,0.01724390304030249,0.03682635562983754,0.10402710714284341,0.08162685663850812,0.058001585928367266,-0.022578024342094848,0.0976606221739068,0.009537597123394576,0.265662079007664,"(-0.2,0.2]",Q3,0.0,False
46,11,TUMBLE,True,True,0.03566238975017782,0.08287419103112861,-0.047211801280950795,0.10002120440337547,0.05094353584193339,0.042812273558918874,0.0008033041058762045,0.0946174591231646,0.008952463570923724,0.265662079007664,"(-0.2,0.2]",Q3,0.0,False
46,12,TUMBLE,True,True,-0.1438155341297011,-0.18278788797653536,0.03897235384683426,-0.18868185833986004,-0.11279712094429527,-0.14127027199842887,-0.023492917259494622,0.10992257348559156,0.012082972161695278,0.265662079007664,"(-0.2,0.2]",Q3,0.0,False
46,13,RUN,True,True,0.13758307084647586,0.05407025867014003,0.08351281217633583,0.1916596430362375,0.1556106994162703,0.1968007642679555,0.044285612484618146,0.12267616766088091,0.015049442111960562,0.32037095882301125,"(-0.2,0.2]",Q4,0.0,False
46,14,TUMBLE,True,True,-0.12119533895590202,0.03566238975017782,-0.15685772870607984,-0.1180791073142894,-0.13100531444488622,-0.14207038524017518,-0.024861051415578605,0.10789952123736074,0.011642306683251662,0.28139860497617697,"(-0.2,0.2]",Q3,0.0,False
46,15,TUMBLE,True,True,0.020306200896534763,-0.1438155341297011,0.16412173502623587,0.012112334951247843,0.06278213497624385,0.04324755401877212,-0.0008092182533487105,0.10484577576464942,0.010992636695691147,0.28139860497617697,"(-0.2,0.2]",Q3,0.0,False
46,16,TUMBLE,True,True,0.07315971030834932,0.13758307084647586,-0.06442336053812654,0.12360427933803295,0.060928399379313124,0.09994011064399744,0.031667361892615986,0.10939316470778351,0.011966864484784252,0.28139860497617697,"(-0.2,0.2]",Q3,0.0,False
46,17,TUMBLE,True,True,-0.04635318773629907,-0.12119533895590202,0.07484215121960296,-0.0930861433387411,-0.03711004515262642,-0.07381659851016355,-0.017351746790129862,0.09024882605617303,0.008144850604517376,0.2587784098023779,"(-0.2,0.2]",Q2,0.0,False
46,18,TUMBLE,True,True,-0.10279760155028488,0.020306200896534763,-0.12310380244681964,-0.11620086283631001,-0.11850184270647988,-0.08427694767845562,-0.0029863913821599384,0.0733643480906658,0.005382327570768379,0.19435504926425134,"(-0.2,0.2]",Q2,0.0,False
46,19,TUMBLE,True,True,-0.049612832276836334,0.07315971030834932,-0.12277254258518566,0.02496256236645563,-0.024282472617424795,-0.03569161275641137,-0.031579537820537636,0.06119568852499202,0.00374491229404784,0.1759573118586342,"(-0.2,0.2]",Q1,0.0,True
47,0,TUMBLE,True,False,,,,,,,,,,,,,0.0,False
47,1,TUMBLE,True,True,0.3608324514975847,0.3608324514975847,0.0,,,,0.24323972274142458,0.12161986137071232,0.014791390679831283,0.24323972274142464,,Q4,0.0,False
47,2,RUN,True,True,0.32005855435294694,0.3608324514975847,-0.04077389714463775,0.08084596422607457,,,0.10123291279839346,0.10636440713273045,0.01131338710469724,0.24323972274142464,,Q3,0.0,False
47,3,TUMBLE,True,True,0.5687179267803648,0.3608324514975847,0.20788547528278012,0.228272423855099,0.30255668191146756,,0.13126016969279766,0.16015271668086795,0.025648892660262358,0.45112519802420475,"(0.2,1]",Q4,0.0,False
47,4,TUMBLE,True,True,0.4401045596689072,0.3608324514975847,0.07927210817132252,-0.004283680897748665,0.02356824879194175,0.09830414432214307,0.08529091371082745,0.14854395610308516,0.02206530689475529,0.45112519802420475,"(-0.2,0.2]",Q4,0.0,False
47,5,RUN,True,True,0.20611823547401675,0.32005855435294694,-0.11394031887893019,-0.2982930077506193,-0.23684211146005624,-0.21631013760093415,-0.018938242673117524,0.12117654801084457,0.014683755787824519,0.36259969130634806,"(-1,-0.2]",Q4,0.0,False
47,6,TUMBLE,True,True,0.17145622710922231,0.5687179267803648,-0.3972616996711425,-0.1516551704622397,-0.23352401353187396,-0.2122935919598366,-0.06598043457937974,0.1476844404124994,0.021810693939953083,0.3972616996711425,"(-1,-0.2]",Q4,0.0,False
47,7,TUMBLE,True,True,0.2781534120957762,0.4401045596689072,-0.161951147573131,0.08936618080415668,0.005593738011727412,-0.06844582516235159,-0.08497773619288618,0.14982510350821115,0.022447561641246186,0.3972616996711425,"(-0.2,0.2]",Q4,0.0,False
47,8,RUN,True,True,0.4225755585159401,0.20611823547401675,0.21645732304192333,0.19777073891344082,0.20399960028960165,0.14861744992895942,0.0036977174315824743,0.10990982213416851,0.01208016900156456,0.2686483325596849,"(0.2,1]",Q3,0.0,False
47,9,TUMBLE,True,True,0.5453148403072229,0.17145622710922231,0.37385861319800057,0.1949503550013647,0.25458644106691003,0.275738982008484,0.09295125410731296,0.13997314283410658,0.019592480714857204,0.37385861319800057,"(0.2,1]",Q4,0.0,False
47,10,TUMBLE,True,True,0.48313025995494746,0.2781534120957762,0.20497684785917125,-0.0008149394566340229,0.06778232298196768,0.1287552504479071,0.08905094939028967,0.13685077884415964,0.018728135670253093,0.37385861319800057,"(-0.2,0.2]",Q4,0.0,False
47,11,RUN,True,True,0.2262858449355583,0.4225755585159401,-0.19628971358038177,-0.2879367051955269,-0.2573877079904785,-0.20600767278291338,-0.004318043288142853,0.12096539472899821,0.014632626721942349,0.31902899537166457,"(-1,-0.2]",Q4,0.0,False
47,12,TUMBLE,True,True,0.18730342633136848,0.5453148403072229,-0.3580114139758544,-0.1674046261138844,-0.2309402220678744,-0.2320231995970487,-0.07895732597408077,0.14162418203657454,0.0200574089375288,0.3580114139758544,"(-1,-0.2]",Q4,0.0,False
47,13,TUMBLE,True,True,0.24454649293646036,0.48313025995494746,-0.2385837670184871,0.03775185730299696,-0.05436001747083108,-0.11596209994581391,-0.08973635283651042,0.14694418328626815,0.02159259300166837,0.3580114139758544,"(-0.2,0.2]",Q4,0.0,False
47,14,TUMBLE,True,True,-0.05030729991544865,0.2262858449355583,-0.27659314485100694,-0.2662322595493631,-0.2696858879832444,-0.33562380595503233,-0.10486144717398899,0.16970464298290552,0.028799665849955424,0.5334375598703961,"(-1,-0.2]",Q4,0.0,False
47,15,RUN,True,True,-0.0894885367083413,0.18730342633136848,-0.27679196303970977,-0.18660813321884717,-0.21666940982580135,-0.24144565278032593,-0.08691594895346162,0.14345355406090907,0.02057892217270616,0.33403502964480164,"(-1,-0.2]",Q4,0.0,False
47,16,TUMBLE,True,True,0.05081104042719135,0.24454649293646036,-0.19373545250926902,0.12070895873908633,0.015894154989634535,-0.022202480233818385,-0.06070198014531559,0.12999618967918974,0.016899009331107877,0.33403502964480164,"(-0.2,0.2]",Q4,0.0,False
47,17,TUMBLE,True,True,0.192708237034518,-0.05030729991544865,0.24301553694996664,0.212046985175093,0.22236983576671754,0.15381781284955257,-0.0002558171461245019,0.1309975930546121,0.017160369386101753,0.33403502964480164,"(0.2,1]",Q4,0.0,False
47,18,TUMBLE,True,True,-0.11205351870315305,-0.0894885367083413,-0.02256498199481176,-0.2338131574340077,-0.16339709895427573,-0.1379843789126329,0.01587043361674505,0.11207083660929672,0.012559872418307682,0.30476175573767106,"(-0.2,0.2]",Q3,0.0,False
47,19,RUN,True,True,0.12388974102480656,0.05081104042719135,0.0730787005976152,0.08356238185912408,0.08006782143862112,0.11339543551225281,0.026389199633595133,0.11843032867424728,0.01402574274989024,0.30476175573767106,"(-0.2,0.2]",Q3,0.0,True
48,0,TUMBLE,True,False,,,,,,,,,,,,,0.0,False
48,1,TUMBLE,True,True,0.3345821575119708,0.3345821575119708,0.0,,,,0.40059257289282735,0.20029628644641373,0.04011860236422382,0.40059257289282746,,Q4,0.0,False
48,2,TUMBLE,True,True,0.06278712187922274,0.3345821575119708,-0.27179503563274804,-0.07149874918633432,,,0.06439876863003974,0.16697829415018908,0.027881750717307068,0.40059257289282746,,Q4,0.0,False
48,3,TUMBLE,True,True,0.025875996795995098,0.3345821575119708,-0.3087061607159757,-0.17280864289960168,-0.08457695787411719,,0.00038642008978071764,0.1491728850230089,0.022252549626087834,0.40059257289282746,"(-0.2,0.2]",Q4,0.0,False
48,4,RUN,True,True,0.1653735746501247,0.3345821575119708,-0.1692085828618461,0.12104201531251578,0.024291815921061805,0.0760648594485417,0.015406181934598714,0.13684947115622512,0.01872777775573849,0.40059257289282746,"(-0.2,0.2]",Q4,0.0,False
48,5,TUMBLE,True,True,0.0840118747874604,0.06278712187922274,0.021224752908237665,-0.01161291093559949,-0.0006670229876537676,-0.06314283792186794,-0.03985541126781189,0.10997909410100659,0.012095401139278063,0.3087061607159757,"(-0.2,0.2]",Q3,0.0,False
48,6,TUMBLE,True,True,0.24622573902754252,0.025875996795995098,0.22034974223154744,0.12153301430874996,0.15447192361634915,0.1617135969993418,0.04250131122881048,0.07920861764318367,0.006274005108944067,0.22034974223154744,"(-0.2,0.2]",Q2,0.0,False
48,7,TUMBLE,True,True,-0.05882109513888255,0.1653735746501247,-0.22419466978900726,-0.22393990204638403,-0.22402482462725842,-0.18919289145416324,-0.008854201949233734,0.1061612312581645,0.011270207022249483,0.3050468341664251,"(-1,-0.2]",Q3,0.0,False
48,8,RUN,True,True,0.22266362332628473,0.0840118747874604,0.13865174853882434,0.12896130138195475,0.1321914504342446,0.11346609999472346,-0.0028252872574023053,0.1105411220879215,0.012219339672456765,0.3050468341664251,"(-0.2,0.2]",Q3,0.0,False
48,9,TUMBLE,True,True,0.1967662034044846,0.24622573902754252,-0.04945953562305791,0.11484493931078352,0.06007678099950303,0.07324616790388333,0.020194654153279062,0.11312588055868948,0.01279746485217888,0.3050468341664251,"(-0.2,0.2]",Q3,0.0,False
48,10,TUMBLE,True,True,0.055507283754191825,-0.05882109513888255,0.11432837889307437,-0.15420762961119283,-0.0646956267764371,-0.0962013339006655,-0.012584961200333446,0.11638281864641763,0.013544960476084934,0.3050468341664251,"(-0.2,0.2]",Q3,0.0,False
48,11,TUMBLE,True,True,0.3499339192371477,0.22266362332628473,0.12727029591086295,0.22379717565780946,0.19162154907549395,0.24590491540062803,0.06503536891799677,0.14136778637001288,0.0199848510231576,0.40875501437603023,"(-0.2,0.2]",Q4,0.0,False
48,12,RUN,True,True,0.19139315688998815,0.1967662034044846,-0.005373046514496466,-0.011327444605681608,-0.00934264524195319,-0.014824600540539079,0.009062678296006967,0.09370549124111113,0.008780719088737956,0.29442663548295583,"(-0.2,0.2]",Q3,0.0,False
48,13,TUMBLE,True,True,0.2910341404481904,0.055507283754191825,0.2355268566939986,0.020370602384622516,0.09208935382108119,0.09263399962673738,0.03244217472232078,0.10029702736029326,0.010059493697311416,0.29442663548295583,"(-0.2,0.2]",Q3,0.0,False
48,14,RUN,True,True,0.09010279173253441,0.3499339192371477,-0.25983112750461324,-0.15111085693655488,-0.1873509471259077,-0.13186433334984513,0.0010291237167728185,0.1128715741466061,0.0127399922503328,0.29442663548295583,"(-0.2,0.2]",Q3,0.0,False
48,15,TUMBLE,True,True,0.1970211116942506,0.19139315688998815,0.005627954804262453,0.0064526456038881685,0.006177748670679606,-0.03359489038271457,-0.04071159802432481,0.08952363262670901,0.008014480798681958,0.25983112750461324,"(-0.2,0.2]",Q2,0.0,False
48,16,TUMBLE,True,True,-0.02019233199537171,0.2910341404481904,-0.31122647244356216,-0.16375428370876421,-0.21291167995369686,-0.21258013218661262,-0.05171840065246592,0.10617723896640967,0.011273606074530063,0.31122647244356216,"(-1,-0.2]",Q3,0.0,False
48,17,RUN,True,True,0.19582434577465263,0.09010279173253441,0.10572155404211822,0.10740995592521319,0.10684715529751486,0.05633291780475169,-0.03007147130749817,0.1065379903165556,0.011350343380690495,0.31122647244356216,"(-0.2,0.2]",Q3,0.0,False
48,18,RUN,True,True,0.34121474122687323,0.1970211116942506,0.14419362953262263,0.25339873433723276,0.21699703273569604,0.22552576192535673,0.050102713306907964,0.12070167513917957,0.014568894381404037,0.36140707322224497,"(0.2,1]",Q4,0.0,False
48,19,TUMBLE,True,True,0.3317484124753459,-0.02019233199537171,0.35194074447071766,0.06322886897458302,0.15946616080662787,0.15328144580024472,0.0630861674784435,0.13068592217808805,0.017078810255537286,0.36140707322224497,"(-0.2,0.2]",Q4,0.0,True
49,0,RUN,True,False,,,,,,,,,,,,,0.0,False
49,1,TUMBLE,True,True,0.6283547557402851,0.6283547557402851,0.0,,,,0.1888831025325773,0.09444155126628873,0.008919206605583041,0.18888310253257745,,Q3,1.0,True
50,0,RUN,True,False,,,,,,,,,,,,,1.0,True
51,0,TUMBLE,True,False,,,,,,,,,,,,,1.0,True
52,0,TUMBLE,True,False,,,,,,,,,,,,,0.0,False
52,1,RUN,True,True,0.27192607983019546,0.27192607983019546,0.0,,,,0.126569517862836,0.06328475893141802,0.004004960713007693,0.12656951786283605,,Q1,0.0,False
52,2,TUMBLE,True,True,0.15361653307957368,0.27192607983019546,-0.11830954675062177,-0.05502478781920375,,,0.004129985556107145,0.0578169706219962,0.0033428020919047717,0.12656951786283605,,Q1,0.0,False
52,3,TUMBLE,True,True,0.10088631412945533,0.27192607983019546,-0.17103976570074014,-0.11188499232542924,-0.08941341082958755,,-0.02517202902643341,0.06329390729535064,0.0040061187007124415,0.17103976570074014,"(-0.2,0.2]",Q1,0.0,False
52,4,RUN,True,True,0.02685012268376326,0.27192607983019546,-0.2450759571464322,-0.10040130092075124,-0.14862618632931157,-0.14109624956788275,-0.04080526442679324,0.0799387216767288,0.0063901992233095116,0.2450759571464322,"(-0.2,0.2]",Q2,0.0,False
52,5,TUMBLE,True,True,0.02615043420226015,0.15361653307957368,-0.12746609887731353,-0.03771778420434914,-0.06763388909533725,-0.1121693282284868,-0.06183177016516814,0.0916263602186148,0.008395389886911356,0.2457756456279353,"(-0.2,0.2]",Q2,0.0,False
52,6,TUMBLE,True,True,0.05560063980676766,0.10088631412945533,-0.045285674322687666,0.029100361363755954,0.004305016134941414,-0.021275211216995438,-0.027076766647280717,0.0487921791242525,0.0023806767436931418,0.12746609887731353,"(-0.2,0.2]",Q1,0.0,False
52,7,TUMBLE,True,True,0.07683764863696861,0.02685012268376326,0.04998752595320535,0.035962111632454705,0.040637249739371585,0.024465770931407012,-0.0019346813861969092,0.028920092264161933,0.0008363717365676389,0.07473587992719517,"(-0.2,0.2]",Q1,0.0,False
52,8,RUN,True,True,0.19620460644931315,0.02615043420226015,0.170054172247053,0.129985462227445,0.14334169890064766,0.1498448951168732,0.038939618196580816,0.06287468874967223,0.003953226485368159,0.170054172247053,"(-0.2,0.2]",Q1,0.0,False
52,9,RUN,True,True,0.2677775101075346,0.05560063980676766,0.21217687030076693,0.1312563825643937,0.1582298784765181,0.1790791778337072,0.06238581184530941,0.0920450467435601,0.008472290630024163,0.24162707590527444,"(-0.2,0.2]",Q2,0.0,False
52,10,TUMBLE,True,True,0.338768465736336,0.07683764863696861,0.2619308170993674,0.10677740745791214,0.15849521067173056,0.18966336448619,0.07572755133297025,0.10866915523147562,0.011808985298722544,0.28316782592956835,"(-0.2,0.2]",Q3,0.0,False
52,11,RUN,True,True,0.32015790174696673,0.19620460644931315,0.12395329529765359,0.016884913825031433,0.0525743743159055,0.10026084401442864,0.0629204365507019,0.09538560228148657,0.009098413122601935,0.2619308170993674,"(-0.2,0.2]",Q3,0.0,False
52,12,RUN,True,True,0.0746185955692966,0.2677775101075346,-0.19315891453823797,-0.2548445881723548,-0.23428269696098253,-0.206108525440741,-0.0190791630120601,0.09614563064938537,0.009243982292968033,0.2641498701670394,"(-1,-0.2]",Q3,0.0,False
52,13,RUN,True,True,0.09241881822101554,0.338768465736336,-0.24634964751532046,-0.10496943043711614,-0.15209616946318427,-0.15791180006901795,-0.06148672539400773,0.11298240625818226,0.012765024123888942,0.2641498701670394,"(-0.2,0.2]",Q3,0.0,False
52,14,TUMBLE,True,True,0.06067509934421106,0.32015790174696673,-0.2594828024027557,-0.022843607550945014,-0.10172333916821524,-0.14581584597419267,-0.07839258163102011,0.12476385289839236,0.015566018990051686,0.27809336639212495,"(-0.2,0.2]",Q4,0.0,False
52,15,RUN,True,True,-0.019007385925366244,0.0746185955692966,-0.09362598149466285,-0.09555434470797955,-0.09491155697020731,-0.15597498964573872,-0.06922740715697517,0.11376623623724248,0.012942756507588065,0.339165287672333,"(-0.2,0.2]",Q3,0.0,False
52,16,TUMBLE,True,True,0.08217549164789076,0.09241881822101554,-0.01024332657312478,0.06134163493846835,0.03747998110127063,0.029999209845601518,-0.009631241198919343,0.039956040115331264,0.0015964851416979612,0.11142620414638178,"(-0.2,0.2]",Q1,0.0,False
52,17,TUMBLE,True,True,0.24851015951685462,0.06067509934421106,0.18783506017264356,0.21692610665559237,0.2072290911612761,0.19444465369491684,0.033368307489535766,0.08705338682715144,0.007578292158077664,0.26751754544222084,"(0.2,1]",Q2,0.0,False
52,18,TUMBLE,True,True,-0.02028758126123023,-0.019007385925366244,-0.0012801953358639873,-0.1856304068436029,-0.12418033634102328,-0.11337592240712778,0.010559218423133829,0.09815740624829532,0.009634876401392885,0.2687977407780848,"(-0.2,0.2]",Q3,0.0,False
52,19,RUN,True,True,0.27168096040230344,0.08217549164789076,0.18950546875441268,0.15756967127449123,0.16821493710113172,0.1988332894077662,0.04789136197462182,0.12624071164871384,0.015936717277573714,0.2919685416635337,"(-0.2,0.2]",Q4,0.0,True
53,0,TUMBLE,True,False,,,,,,,,,,,,,0.0,False
53,1,TUMBLE,True,True,0.35634089453140294,0.35634089453140294,0.0,,,,-0.05911226917951151,0.029556134589755728,0.000873565091887755,0.059112269179511456,,Q1,1.0,True
54,0,RUN,True,False,,,,,,,,,,,,,0.0,False
54,1,TUMBLE,True,True,0.35822750613730675,0.35822750613730675,0.0,,,,-0.14790750660767799,0.07395375330383899,0.0054691576277250764,0.14790750660767799,,Q2,0.0,False
54,2,RUN,True,True,0.2286102119589215,0.35822750613730675,-0.12961729417838525,-0.2035710474822242,,,-0.13876240039303167,0.1133810137507699,0.012855254279152272,0.27752480078606323,,Q3,0.0,False
54,3,TUMBLE,True,True,0.17470501376384232,0.35822750613730675,-0.18352249237346444,-0.11871384528427184,-0.18961922984989535,,-0.11239072911218129,0.12799643753256124,0.01638308802102685,0.33142999898114245,"(-0.2,0.2]",Q4,0.0,False
54,4,TUMBLE,True,True,-0.000855094504038173,0.35822750613730675,-0.3590826006413449,-0.20251270736542007,-0.25470267179072836,-0.31777453065530203,-0.11975027068715102,0.1710654108524955,0.029263374790133082,0.5069901072490229,"(-1,-0.2]",Q4,0.0,False
54,5,RUN,True,True,0.14829691861133576,0.2286102119589215,-0.08031329334758575,0.06137195898143369,0.014143541538427229,-0.04187499072767234,-0.06493264815149018,0.11649338149291641,0.01357070793165416,0.3590826006413449,"(-0.2,0.2]",Q3,0.0,False
54,6,RUN,True,True,-0.05089781240858919,0.17470501376384232,-0.2256028261724315,-0.12461872446223798,-0.15828009169896917,-0.18858707486610454,-0.05854241438875279,0.10714094825342933,0.011479182792644023,0.2795080243675107,"(-0.2,0.2]",Q3,0.0,False
54,7,TUMBLE,True,True,-0.039645273294754625,-0.000855094504038173,-0.03879017879071645,-0.08834482639612791,-0.07182661052765743,-0.10745752966039229,-0.04787432920217449,0.09586326146069479,0.00918976489788153,0.2256028261724315,"(-0.2,0.2]",Q3,0.0,False
54,8,TUMBLE,True,True,-0.0957996868975476,0.14829691861133576,-0.24409660550888335,-0.05052814404587569,-0.11505096453354491,-0.11002437149853604,-0.037783137669310914,0.08370181062528051,0.007005993101950321,0.24409660550888335,"(-0.2,0.2]",Q2,0.0,False
54,9,TUMBLE,True,True,0.21521329379754728,-0.05089781240858919,0.2661111062061365,0.2829357738936984,0.27732755133117776,0.22472475729493618,0.008893087588346437,0.12277702762605613,0.015074198512689352,0.31101298069509486,"(0.2,1]",Q4,0.0,False
54,10,TUMBLE,True,True,0.24669755792337045,-0.039645273294754625,0.2863428312181251,0.1869907544733706,0.22010811338828876,0.2394799276242065,0.0850049307756221,0.1451404896497375,0.02106576173576556,0.34249724482091803,"(0.2,1]",Q4,0.0,False
54,11,RUN,True,True,0.04159379089972613,-0.0957996868975476,0.13739347779727373,-0.18936163496073272,-0.08044326404139725,-0.04002268198242774,0.05049753732098795,0.13606045133865155,0.018512446418477567,0.34249724482091803,"(-0.2,0.2]",Q4,0.0,False
54,12,TUMBLE,True,True,0.07705662505039783,0.21521329379754728,-0.13815666874714944,-0.06708904936115047,-0.09077825582315012,-0.024869613880376243,0.017209312099806987,0.12411529783953036,0.01540460715779533,0.34249724482091803,"(-0.2,0.2]",Q4,0.0,False
54,13,TUMBLE,True,True,0.1629378620646731,0.24669755792337045,-0.08375969585869736,0.10361265408961111,0.041155204106841606,0.017797545146912674,-0.0274191796338721,0.07852995546766246,0.006166953905753049,0.2051037670236443,"(-0.2,0.2]",Q2,0.0,False
54,14,RUN,True,True,-0.05179321591017467,0.04159379089972613,-0.09338700680990081,-0.17179045946771013,-0.14565597524844034,-0.18386467489471653,-0.04756374765021433,0.10232271762538232,0.010469938542243725,0.2984907738335451,"(-0.2,0.2]",Q3,0.0,False
54,15,TUMBLE,True,True,0.04487001284751119,0.07705662505039783,-0.03218661220288664,-0.010702310229738027,-0.01786374422078757,-0.012578752678644403,-0.012229739706500242,0.06902780365524566,0.004764837677467147,0.21473107797484775,"(-0.2,0.2]",Q2,0.0,False
54,16,TUMBLE,True,True,0.14104086231758878,0.1629378620646731,-0.02189699974708431,0.14450246384892051,0.08903597598358556,0.08277304130448691,0.000990062531721995,0.07626646819749,0.005816574171318754,0.21473107797484775,"(-0.2,0.2]",Q2,0.0,False
54,17,RUN,True,True,0.12000672837992415,-0.05179321591017467,0.17179994429009882,0.027051290797374172,0.07530084196161571,0.04574284805002456,0.010697181085826539,0.07842264703045514,0.006150111567263354,0.21473107797484775,"(-0.2,0.2]",Q2,0.0,False
54,18,TUMBLE,True,True,0.052972684134633914,0.04487001284751119,0.008102671287122727,-0.07755111121412256,-0.048999850380374126,-0.01055841277407845,0.028466851562203015,0.06772647626083196,0.004586875586709035,0.19283407822776344,"(-0.2,0.2]",Q2,0.0,False
54,19,RUN,True,True,0.13774378443213586,0.14104086231758878,-0.003297077885452915,0.05125407817485683,0.03307035948808691,0.048021212512221356,0.009767936498629448,0.04185172123180517,0.0017515665700647313,0.09617084947007759,"(-0.2,0.2]",Q1,0.0,True
55,0,TUMBLE,True,False,,,,,,,,,,,,,0.0,False
55,1,TUMBLE,True,True,0.03334670519408043,0.03334670519408043,0.0,,,,0.08799260835358357,0.04399630417679179,0.0019356747812167866,0.08799260835358358,,Q1,0.0,False
55,2,RUN,True,True,-0.11595405978797226,0.03334670519408043,-0.1493007649820527,-0.1053044608052609,,,-0.03065407831423453,0.061275432468916015,0.003754678624252687,0.1493007649820527,,Q1,0.0,False
55,3,TUMBLE,True,True,0.0490669615937714,0.03334670519408043,0.01572025639969097,0.09037063889071731,0.09481804751156972,,0.016183782927777102,0.06709486283089745,0.004501720618296945,0.16502102138174365,"(-0.2,0.2]",Q2,0.0,False
55,4,TUMBLE,True,True,0.023329136899155833,0.03334670519408043,-0.010017568294924596,0.05677268599625626,0.03450926789919597,0.04537571093906173,0.017167033651700896,0.06269616668946836,0.003930809317553601,0.16502102138174365,"(-0.2,0.2]",Q1,0.0,False
55,5,TUMBLE,True,True,-0.03975068003298173,-0.11595405978797226,0.07620337975499053,-0.07594872927944535,-0.02523135960130006,-0.03719786600774058,-0.0006911573766996266,0.060975469867401155,0.003718007925550346,0.16502102138174365,"(-0.2,0.2]",Q1,0.0,False
55,6,TUMBLE,True,True,-0.11057172161585198,0.0490669615937714,-0.15963868320962338,-0.10236095004893903,-0.12145352776916715,-0.08974456128384528,-0.007805296528251239,0.06735794309054392,0.004537092497388954,0.16502102138174365,"(-0.2,0.2]",Q2,0.0,False
55,7,TUMBLE,True,True,-0.04954541756130054,0.023329136899155833,-0.07287455446045638,0.02561578326311631,-0.007214329311407919,-0.03006384177232392,-0.03311256168251517,0.056503058355251275,0.0031925956034969307,0.15963868320962338,"(-0.2,0.2]",Q1,0.0,False
55,8,TUMBLE,True,True,0.08234073538792784,-0.03975068003298173,0.12209141542090957,0.16239930497650412,0.14896334179130594,0.12647540596567244,0.010822845944922511,0.06604629478976444,0.004362113055456466,0.19291245700377982,"(-0.2,0.2]",Q2,0.0,False
55,9,TUMBLE,True,True,-0.10677665045190829,-0.11057172161585198,0.003795071163943689,-0.12317430936522195,-0.08085118252216672,-0.07739487949635669,0.0058860516165926795,0.06982805643807197,0.0048759574659185635,0.19291245700377982,"(-0.2,0.2]",Q2,0.0,False
55,10,TUMBLE,True,True,-0.06026377441165507,-0.04954541756130054,-0.010718356850354528,-0.048045816879664846,-0.035603330203228076,-0.014125510851371821,0.004338466151778615,0.070009671326736,0.0049013540792776,0.19291245700377982,"(-0.2,0.2]",Q2,0.0,False
55,11,RUN,True,True,0.15363382787530142,0.08234073538792784,0.07129309248737357,0.2371540403070831,0.18186705770051326,0.18719510463453543,0.026375398107362096,0.097771048129888,0.009559177852416877,0.2604104783272097,"(-0.2,0.2]",Q3,0.0,False
55,12,TUMBLE,True,True,-0.06440438673818262,-0.10677665045190829,0.04237226371372567,-0.1110894134700058,-0.05993552107542864,-0.08163792133809909,-0.003307976592501132,0.0995591750277279,0.009912029332201758,0.2604104783272097,"(-0.2,0.2]",Q3,0.0,False
55,13,RUN,True,True,0.19203550927301086,-0.06026377441165507,0.2522992836846659,0.14742078870445147,0.1823802870311896,0.211488255204622,0.05934837071233106,0.12413898828432912,0.015410488412256803,0.29881215972491915,"(-0.2,0.2]",Q4,0.0,False
55,14,TUMBLE,True,True,0.05467133114372922,0.15363382787530142,-0.0989624967315722,-0.009144230123684892,-0.03908365232631401,-0.0005789628558894241,0.02682718925084781,0.10587778391809706,0.011210105127407253,0.2564398960111935,"(-0.2,0.2]",Q3,0.0,False
55,15,RUN,True,True,0.003988990928942989,-0.06440438673818262,0.06839337766712561,-0.11936442927942705,-0.05677849363057615,-0.07999507945952174,-0.018021395601080507,0.0943651876950826,0.00890478864872817,0.2564398960111935,"(-0.2,0.2]",Q3,0.0,False
55,16,TUMBLE,True,True,0.14058738942085008,0.19203550927301086,-0.05144811985216077,0.11125722838451398,0.05702211230562239,0.09401452826897498,0.02219370339739976,0.09211437237211952,0.008485057597509496,0.2564398960111935,"(-0.2,0.2]",Q2,1.0,True
56,0,TUMBLE,True,False,,,,,,,,,,,,,0.0,False
56,1,TUMBLE,True,True,0.08231757586030178,0.08231757586030178,0.0,,,,-0.13287937679797346,0.06643968839898672,0.0044142321945544495,0.13287937679797343,,Q2,0.0,False
56,2,TUMBLE,True,True,0.13559897809147817,0.08231757586030178,0.05328140223117639,-0.013158286167810312,,,-0.03979898728339857,0.054601255741638884,0.002981297128563853,0.13287937679797343,,Q1,0.0,False
56,3,RUN,True,True,0.027490236787109157,0.08231757586030178,-0.05482733907319262,-0.08146804018878082,-0.1168809320829092,,-0.050983874538232214,0.06926354668784798,0.004797438899779697,0.18770671587116605,"(-0.2,0.2]",Q2,0.0,False
56,4,RUN,True,True,-0.0583702730831704,0.08231757586030178,-0.1406878489434722,-0.13991488052246406,-0.1401725366628001,-0.17352120893246148,-0.060196179055608395,0.0930348790063438,0.00865548871172503,0.2735672257414456,"(-0.2,0.2]",Q2,0.0,False
56,5,TUMBLE,True,True,0.07743498574092436,0.13559897809147817,-0.058163992350553806,0.09287500388895498,0.04252867180911872,0.030675856326994683,-0.02037344314134034,0.06531953742687707,0.004266641969661195,0.19396925117464858,"(-0.2,0.2]",Q2,0.0,False
56,6,RUN,True,True,0.20450948797026652,0.027490236787109157,0.17701925118315737,0.19497713164138955,0.18899117148864547,0.1589710060861812,0.01877657687113917,0.08996496325367895,0.008093694613235803,0.2628797610534369,"(-0.2,0.2]",Q2,0.0,False
56,7,TUMBLE,True,True,0.19629839271629063,-0.0583702730831704,0.254668665799461,0.05532615586069517,0.12177365917361714,0.13353228336250822,0.06004960729117996,0.10048827614337229,0.010097893642266645,0.2628797610534369,"(-0.2,0.2]",Q3,0.0,False
56,8,RUN,True,True,0.23778759230911697,0.07743498574092436,0.1603526065681926,0.0373836519658384,0.07837330349995647,0.1328194439730392,0.07111791377599411,0.1093617945598802,0.011960002109357442,0.2961578653922874,"(-0.2,0.2]",Q3,0.0,False
56,9,TUMBLE,True,True,0.2889525352802684,0.20450948797026652,0.08444304731000185,0.07190954276756456,0.07608737761504367,0.10994492059611874,0.04563132034175384,0.06984512827391358,0.004878341943599442,0.211517549539344,"(-0.2,0.2]",Q2,0.0,False
56,10,TUMBLE,True,True,0.20541603623858,0.19629839271629063,0.009117643522289387,-0.057954027556112675,-0.03559680386331196,-0.02647096583040559,0.009446723910060458,0.034257667945585095,0.0011735878130699686,0.09265414256397775,"(-0.2,0.2]",Q1,0.0,False
56,11,RUN,True,True,0.3153654913744579,0.23778759230911697,0.07757789906534093,0.06818120561503371,0.0713134367651361,0.08325185223839393,0.02057626412457974,0.04648235032134494,0.0021606088913962364,0.11906709865816728,"(-0.2,0.2]",Q1,0.0,False
56,12,RUN,True,True,0.19237304267281152,0.2889525352802684,-0.09657949260745685,-0.06801772113370741,-0.07753831162495722,-0.06950737112779432,-0.006441614317842156,0.04738620680800665,0.0022454525956511757,0.12299244870164638,"(-0.2,0.2]",Q1,0.0,False
56,13,RUN,True,True,-0.06208654140956349,0.20541603623858,-0.2675025776481435,-0.3159558084331982,-0.29980473150484666,-0.3126133178010929,-0.07151211469454324,0.1336256732089108,0.017855820540534622,0.3774520327840214,"(-1,-0.2]",Q4,0.0,False
56,14,TUMBLE,True,True,-0.0007390120039885428,0.3153654913744579,-0.3161045033784464,-0.06588226263561256,-0.1492896762165572,-0.16350601922306002,-0.07897621292691585,0.139948738734398,0.01958564947334879,0.3774520327840214,"(-0.2,0.2]",Q4,0.0,False
56,15,TUMBLE,True,True,0.18213670304851234,0.19237304267281152,-0.010236339624299179,0.21354947975528837,0.13895420662875918,0.07090845789008299,-0.04595696313286916,0.13773422442964364,0.018970716579235443,0.3774520327840214,"(-0.2,0.2]",Q4,0.0,False
56,16,RUN,True,True,0.24228081454530748,-0.06208654140956349,0.30436735595487097,0.15158196902304558,0.20251043133365404,0.16435976646836453,0.03440387882030676,0.11946631177090221,0.014272199648142407,0.30436735595487097,"(0.2,1]",Q4,0.0,False
56,17,TUMBLE,True,True,-0.03440142134498486,-0.0007390120039885428,-0.03366240934099632,-0.24661018014189479,-0.17562758987492863,-0.12479941239005181,0.02983900666784534,0.12288350905101049,0.015100356796689777,0.30436735595487097,"(-0.2,0.2]",Q4,0.0,False
56,18,RUN,True,True,0.10429414800266865,0.18213670304851234,-0.0778425550458437,0.00035445140250733864,-0.025711217413609683,0.006974876941457042,-0.0006471804380182789,0.10508333138091247,0.011042506534110664,0.27668223589029234,"(-0.2,0.2]",Q3,0.0,False
56,19,TUMBLE,True,True,0.286437001037823,0.24228081454530748,0.044156186492515515,0.2514906377089811,0.18237915397015925,0.1628594399749471,0.007061392943598217,0.11319664495950824,0.012813480430088961,0.32083842238280785,"(-0.2,0.2]",Q3,0.0,True
57,0,TUMBLE,True,False,,,,,,,,,,,,,0.0,False
57,1,TUMBLE,True,True,0.1020403256125367,0.1020403256125367,0.0,,,,-0.11100433811122433,0.05550216905561216,0.003080490769877752,0.11100433811122432,,Q1,0.0,False
57,2,TUMBLE,True,True,0.2578267162137879,0.1020403256125367,0.15578639060125118,0.10028422154563904,,,0.022391026245013403,0.06548688995287202,0.004288532755699571,0.15578639060125118,,Q2,0.0,False
57,3,TUMBLE,True,True,-0.012908579324587957,0.1020403256125367,-0.11494890493712466,-0.19284210023775022,-0.2038791478412832,,-0.052207333854379596,0.1049292957906234,0.011010157115116138,0.27073529553837583,"(-1,-0.2]",Q3,0.0,False
57,4,RUN,True,True,-0.014478381731695557,0.1020403256125367,-0.11651870734423225,-0.13693745017629552,-0.13013120256560776,-0.15447916328806996,-0.05699949958480378,0.1123669684316617,0.012626335594522057,0.27230509794548347,"(-0.2,0.2]",Q3,0.0,False
57,5,TUMBLE,True,True,-0.005911452442799975,0.2578267162137879,-0.26373816865658783,0.007782028085341782,-0.0827247041619681,-0.08903147263531024,-0.04882086540561568,0.10580040649347415,0.011193726014184367,0.27230509794548347,"(-0.2,0.2]",Q3,0.0,False
57,6,TUMBLE,True,True,0.11648393201399287,-0.012908579324587957,0.12939251133858082,0.12667884910124064,0.12758340318035405,0.06035185633531677,-0.027568844151780226,0.10695461971492859,0.01143929067836499,0.27230509794548347,"(-0.2,0.2]",Q3,0.0,False
57,7,TUMBLE,True,True,0.09434165856371476,-0.014478381731695557,0.10882004029541031,0.039055418778118314,0.06231029261721565,0.07354527893498741,0.034546278952229385,0.05757929396132498,0.0033153750930846756,0.13096231374568842,"(-0.2,0.2]",Q1,0.0,False
57,8,TUMBLE,True,True,-0.07907205456204273,-0.005911452442799975,-0.07316060211924276,-0.18448484985089655,-0.14737676727367863,-0.12668099366284577,-0.0028934234654179503,0.0727810947439706,0.0052970877521308244,0.19555598657603562,"(-0.2,0.2]",Q2,0.0,False
57,9,TUMBLE,True,True,0.03175747168942556,0.11648393201399287,-0.08472646032456732,0.024122669688589546,-0.012160373649129412,0.0002969507962093318,-0.012021813831158443,0.07042329598218122,0.004959440616993902,0.19555598657603562,"(-0.2,0.2]",Q2,0.0,False
57,10,RUN,True,True,-0.013979002132144307,0.09434165856371476,-0.10832066069585908,0.00967828930416428,-0.029654694029176837,-0.054856754058416925,-0.03235100551665636,0.07134876332668613,0.005090646028247472,0.19555598657603562,"(-0.2,0.2]",Q2,0.0,False
57,11,TUMBLE,True,True,0.0055417060300138946,-0.07907205456204273,0.08461376059205664,-0.0033475287486267324,0.025972901031601055,-0.0027203123597244264,-0.011250685263750339,0.056726650086019424,0.0032179128299816874,0.17341371312575748,"(-0.2,0.2]",Q1,0.0,False
57,12,TUMBLE,True,True,0.02579742356742786,0.03175747168942556,-0.005960048121997699,0.030016071618493068,0.018024031704996144,0.03973539331111476,0.018352319059952955,0.03993270091057798,0.0015946206020136756,0.1108295262514683,"(-0.2,0.2]",Q1,0.0,False
57,13,TUMBLE,True,True,0.16491233691278745,-0.013979002132144307,0.17889133904493176,0.14924277211406656,0.1591256277576883,0.1526329371241067,0.030608615614629582,0.0631418771285424,0.003986896647315946,0.17889133904493176,"(-0.2,0.2]",Q1,0.0,False
57,14,RUN,True,True,-0.07683062230424761,0.0055417060300138946,-0.0823723283342615,-0.17218550254435527,-0.14224777780765735,-0.12239873839876883,0.0033667390538567013,0.07970828946447255,0.006353411409352145,0.24174295921703506,"(-0.2,0.2]",Q2,0.0,False
57,15,TUMBLE,True,True,0.15096067694136134,0.02579742356742786,0.12516325337393347,0.10691981963709142,0.11300096421603878,0.12110546588986594,0.01882098959510194,0.09161128046822498,0.00839262670902778,0.24174295921703506,"(-0.2,0.2]",Q2,0.0,False
57,16,RUN,True,True,0.21311532171325615,0.16491233691278745,0.048202984800468696,0.17605029439469927,0.13343452452995574,0.1469053679339239,0.03606841363202304,0.10609766653362553,0.011256714843880402,0.28994594401750373,"(-0.2,0.2]",Q3,0.0,False
57,17,TUMBLE,True,True,0.1694285248998795,-0.07683062230424761,0.24625914720412712,-0.01260947442742924,0.07368006611642289,0.056389096584090165,0.029897831999168772,0.10270192254894489,0.010547684895249475,0.28994594401750373,"(-0.2,0.2]",Q3,0.0,False
57,18,TUMBLE,True,True,-0.018477188689433002,0.15096067694136134,-0.16943786563079433,-0.20974911199600083,-0.19631202987426533,-0.13264566400199534,0.013517471518814748,0.11380190738910251,0.012950874125397863,0.28994594401750373,"(-0.2,0.2]",Q3,0.0,False
57,19,TUMBLE,True,True,-0.15135889465006222,0.21311532171325615,-0.36447421636331834,-0.22683456275528546,-0.27271444729129646,-0.2801157283663282,-0.08362316535855362,0.1369038100208748,0.018742653198231776,0.36447421636331834,"(-1,-0.2]",Q4,0.0,True
58,0,TUMBLE,True,False,,,,,,,,,,,,,1.0,True
59,0,TUMBLE,True,False,,,,,,,,,,,,,0.0,False
59,1,RUN,True,True,0.15691516747401218,0.15691516747401218,0.0,,,,-0.18726578886696832,0.09363289443348416,0.00876711891999199,0.18726578886696832,,Q3,0.0,False
59,2,TUMBLE,True,True,-0.04398763756269247,0.15691516747401218,-0.20090280503670466,-0.2945356994701888,,,-0.19408429695183643,0.15850175955726403,0.02512280778274874,0.388168593903673,,Q4,0.0,False
59,3,RUN,True,True,0.06372777176526787,0.15691516747401218,-0.09318739570874432,0.007264006809608009,-0.08864172365216555,,-0.10422623587638431,0.14253196108879088,0.020315359931816598,0.388168593903673,"(-0.2,0.2]",Q4,0.0,False
59,4,RUN,True,True,0.10468292940464027,0.15691516747401218,-0.05223223806937191,0.09481286230335258,0.045797828845777745,-0.02552613509975174,-0.05721834495814249,0.1278926945417689,0.016356541317154208,0.388168593903673,"(-0.2,0.2]",Q4,0.0,False
59,5,TUMBLE,True,True,0.012523511832812917,-0.04398763756269247,0.05651114939550539,-0.07168183875214115,-0.02895084270292564,-0.057811045937494046,-0.014011274431506593,0.06994700880463453,0.00489258404071562,0.20090280503670466,"(-0.2,0.2]",Q2,0.0,False
59,6,TUMBLE,True,True,-0.1143860475903984,0.06372777176526787,-0.17811381935566628,-0.172989268209125,-0.17469745192463876,-0.14862269145040555,-0.019200107998786662,0.07758075484275527,0.006018773521971695,0.2190689769950387,"(-0.2,0.2]",Q2,0.0,False
59,7,TUMBLE,True,True,-0.06633773286313505,0.10468292940464027,-0.17102066226777532,-0.015406464984342304,-0.06727786407881997,-0.08297477421621571,-0.04791999862518443,0.08082256712073872,0.006532287355986316,0.2190689769950387,"(-0.2,0.2]",Q2,0.0,False
59,8,TUMBLE,True,True,-0.006658686517500907,0.012523511832812917,-0.019182198350313824,0.08370320370926582,0.049408069689405934,0.009220648286519157,-0.030154447654023038,0.07437690492447688,0.005531923986144673,0.2190689769950387,"(-0.2,0.2]",Q2,0.0,False
59,9,TUMBLE,True,True,0.06836190791990736,-0.1143860475903984,0.18274795551030576,0.10486011761022533,0.13082273024358548,0.11207664670446271,0.02194041532470863,0.06338937668212938,0.004018213076148888,0.18274795551030576,"(-0.2,0.2]",Q1,0.0,False
59,10,TUMBLE,True,True,-0.06856757457279616,-0.06633773286313505,-0.002229841709661118,-0.09941918527399939,-0.06702273741921996,-0.03881243481001442,0.02263365868182469,0.06303364490945512,0.003973240390571278,0.18274795551030576,"(-0.2,0.2]",Q1,0.0,False
59,11,RUN,True,True,-0.025184782719032007,-0.006658686517500907,-0.0185260962015311,-0.025081949392587604,-0.02289666499556877,-0.006884261210650819,0.0020397012232910884,0.05003633427185321,0.002503634747364632,0.13692948249270354,"(-0.2,0.2]",Q1,0.0,False
59,12,RUN,True,True,-0.010929324402070381,0.06836190791990736,-0.07929123232197774,0.0359468542438437,-0.0024658412780967764,-0.0029170404297149503,-0.010208796640807826,0.04427978013962869,0.001960698929213855,0.13692948249270354,"(-0.2,0.2]",Q1,0.0,False
59,13,RUN,True,True,0.09685190979784203,-0.06856757457279616,0.1654194843706382,0.11490896335839322,0.1317458036958082,0.10593185324133983,0.011461825392659495,0.061279769390727525,0.003755210136580746,0.1654194843706382,"(-0.2,0.2]",Q1,0.0,False
59,14,RUN,True,True,0.03852224034287469,-0.025184782719032007,0.0637070230619067,-0.0044390523550111305,0.018276306117294812,0.04047968331688882,0.03362163223482158,0.05679979859812577,0.0032262171207876503,0.1654194843706382,"(-0.2,0.2]",Q1,0.0,False
59,15,TUMBLE,True,True,0.057598898758623784,-0.010929324402070381,0.06852822316069417,-0.010088176311734573,0.016117290179075004,0.0327838880037202,0.02150189277002567,0.04475414273575694,0.0020029332920125055,0.12203669251687403,"(-0.2,0.2]",Q1,0.0,False
59,16,TUMBLE,True,True,0.20112281835203433,0.09685190979784203,0.1042709085541923,0.1530622488012851,0.13679846871892082,0.1556118872277168,0.03848512744689912,0.07125785129045535,0.005077681370532649,0.21205214275410472,"(-0.2,0.2]",Q2,0.0,False
59,17,RUN,True,True,0.12855301073999342,0.03852224034287469,0.09003077039711874,-0.0008078478153356328,0.02947169158881581,0.030029043927149723,0.022600277989346232,0.05749049185697537,0.003305156653956951,0.16260057800915964,"(-0.2,0.2]",Q1,0.0,False
59,18,TUMBLE,True,True,0.12846164874881896,0.057598898758623784,0.07086274999019518,-0.03637626579719491,-0.000629927201398206,0.0220124067004374,0.02508329287932581,0.0580340125783481,0.0033679466159438655,0.16260057800915964,"(-0.2,0.2]",Q1,0.0,False
59,19,RUN,True,True,0.10863459975491305,0.20112281835203433,-0.09248821859712128,-0.01987272998949316,-0.044077892858702505,-0.02029949439495457,0.0029410232389363265,0.04610845044201402,0.0021259892021636626,0.14352391959341054,"(-0.2,0.2]",Q1,0.0,True
60,0,TUMBLE,True,False,,,,,,,,,,,,,0.0,False
60,1,TUMBLE,True,True,0.24729928143736238,0.24729928143736238,0.0,,,,0.11576235542276195,0.057881177711381,0.003350230733256469,0.115762355422762,,Q1,0.0,False
60,2,TUMBLE,True,True,0.19540629872144824,0.24729928143736238,-0.05189298271591414,0.00598819499546685,,,0.03193468635342394,0.047344014473433685,0.0022414557064606984,0.115762355422762,,Q1,0.0,False
60,3,RUN,True,True,0.13236243046301283,0.24729928143736238,-0.11493685097434955,-0.08899035961639248,-0.059051738261457515,,-0.004941646937067712,0.048321056391486455,0.002334924490789214,0.115762355422762,"(-0.2,0.2]",Q1,0.0,False
60,4,TUMBLE,True,True,-0.026295563063319434,0.24729928143736238,-0.27359484450068183,-0.19017992765554997,-0.21798489993726058,-0.20294679722242537,-0.04306018291301889,0.0919669722948723,0.008457923993085809,0.27359484450068183,"(-1,-0.2]",Q2,0.0,False
60,5,RUN,True,True,0.15215792690627178,0.19540629872144824,-0.04324837181517646,0.09912449320642508,0.05166687153255789,0.014964815016645788,-0.041198457084694905,0.0921337968014916,0.008488636513058544,0.27359484450068183,"(-0.2,0.2]",Q2,0.0,False
60,6,TUMBLE,True,True,-0.1139954136141521,0.13236243046301283,-0.24635784407716493,-0.17692659553562828,-0.20007034504947382,-0.22740318687100547,-0.05990079282279418,0.11787400164097527,0.01389428026285664,0.3094017123356003,"(-1,-0.2]",Q3,0.0,False
60,7,TUMBLE,True,True,0.045878250429804306,-0.026295563063319434,0.07217381349312374,0.026796993783744463,0.04192260035353755,0.009820905256851038,-0.026066821061724973,0.0992319406851787,0.009846978052146823,0.2661533405204239,"(-0.2,0.2]",Q3,0.0,False
60,8,TUMBLE,True,True,0.1921869380518911,0.15215792690627178,0.040029011145619325,0.226245519644065,0.16417335014458312,0.17775063788723997,0.03306853257539536,0.11259295174252582,0.012677172782094747,0.3061823516660432,"(-0.2,0.2]",Q3,0.0,False
60,9,TUMBLE,True,True,0.19608381463037156,-0.1139954136141521,0.31007922824452366,0.07705122038952385,0.15472722300785713,0.1270268891869178,0.039403412711424245,0.11749114921570109,0.013804170144026138,0.31007922824452366,"(-0.2,0.2]",Q3,0.0,False
60,10,RUN,True,True,0.1702287482377791,0.045878250429804306,0.12435049780797477,-0.02390662810335223,0.025512413867090106,0.09019035086330038,0.07186538879044296,0.11947159411282426,0.014273461799859425,0.31007922824452366,"(-0.2,0.2]",Q4,0.0,False
60,11,TUMBLE,True,True,0.09301338199531578,0.1921869380518911,-0.09917355605657532,-0.09014289943875953,-0.0931531183113648,-0.058081055842145735,0.0072312073316910894,0.05974601704444746,0.0035695865526754063,0.15020556420056724,"(-0.2,0.2]",Q1,0.0,False
60,12,RUN,True,True,-0.026067601206955282,0.19608381463037156,-0.22215141583732684,-0.1576886663235027,-0.17917624949477742,-0.18894582193579468,-0.053957951115274856,0.08421063736249877,0.007091431444998274,0.22215141583732684,"(-0.2,0.2]",Q2,0.0,False
60,13,TUMBLE,True,True,0.15364430642756022,0.1702287482377791,-0.01658444181021887,0.12017141603337997,0.0745861300855137,0.04532972051343244,-0.028117536585035713,0.07933892728283554,0.006294665382391065,0.22215141583732684,"(-0.2,0.2]",Q2,0.0,False
60,14,TUMBLE,True,True,0.11181501274378244,0.09301338199531578,0.018801630748466663,0.048026660133479976,0.03828498367180887,0.0141103038803575,-0.005619654655574889,0.06912285973717941,0.004777969738245779,0.19629634944473437,"(-0.2,0.2]",Q2,0.0,False
60,15,TUMBLE,True,True,0.12496968725728128,-0.026067601206955282,0.15103728846423656,-0.007759972328390069,0.045172447935818816,0.04186841226735549,0.02017952244746686,0.061998810588939475,0.0038438525144431934,0.1797119076345155,"(-0.2,0.2]",Q1,0.0,False
60,16,TUMBLE,True,True,0.10396788561113143,0.15364430642756022,-0.049676420816428785,-0.014424464389400427,-0.02617511653174323,0.01287753430571427,0.023139635446589462,0.06220766648319871,0.0038697937692848843,0.1797119076345155,"(-0.2,0.2]",Q1,0.0,False
60,17,TUMBLE,True,True,0.16015011166063914,0.11181501274378244,0.048335098916856695,0.045681325226432784,0.0465659164565741,0.036550888650700275,0.0005164483333506705,0.022350016547701187,0.0004995232396825169,0.056182226049507705,"(-0.2,0.2]",Q1,0.0,False
60,18,TUMBLE,True,True,-0.12055535615331728,0.12496968725728128,-0.24552504341059855,-0.2526143547892026,-0.25025125099633455,-0.24578103047152586,-0.04295603133908414,0.10017801478304043,0.010035634645871068,0.28070546781395644,"(-1,-0.2]",Q3,0.0,False
60,19,TUMBLE,True,True,0.07818753049478493,0.10396788561113143,-0.025780355116346507,0.058390152741123996,0.030333316788633838,0.011054448400851277,-0.03180875552894414,0.09866990823106576,0.009735750790326939,0.28070546781395644,"(-0.2,0.2]",Q3,0.0,True
61,0,TUMBLE,True,False,,,,,,,,,,,,,0.0,False
61,1,TUMBLE,True,True,-0.06705202449833532,-0.06705202449833532,0.0,,,,-0.09777396507924757,0.048886982539623786,0.0023899370618294807,0.09777396507924759,,Q1,0.0,False
61,2,RUN,True,True,0.06958479664406779,-0.06705202449833532,0.1366368211424031,0.08774983860277932,,,0.01943142803157774,0.05748399846972346,0.0033044100800671693,0.1366368211424031,,Q1,0.0,False
61,3,TUMBLE,True,True,-0.1315679193016977,-0.06705202449833532,-0.06451589480336238,-0.13283430537456392,-0.14265282354391262,,-0.035023275850542684,0.07933410566866798,0.006293900322247378,0.2011527159457655,"(-0.2,0.2]",Q2,0.0,False
61,4,TUMBLE,True,True,-0.032706711061951464,-0.06705202449833532,0.034345313436383855,-0.001715149733136509,0.010305004656703615,-0.008128409418188223,-0.019137319808908985,0.07103303192279668,0.005045691624145052,0.2011527159457655,"(-0.2,0.2]",Q2,0.0,False
61,5,RUN,True,True,-0.11261569565709428,0.06958479664406779,-0.1822004923011621,-0.030478380475269698,-0.08105241775056715,-0.07218023110261511,-0.01934188500235371,0.07119795739466832,0.005069149137173005,0.2011527159457655,"(-0.2,0.2]",Q2,0.0,False
61,6,RUN,True,True,-0.1253160668927468,-0.1315679193016977,0.006251852408950903,-0.05265486353322392,-0.03301929155249897,-0.07348968454857788,-0.03708495034290258,0.07678655680612229,0.005896175306139844,0.2011527159457655,"(-0.2,0.2]",Q2,0.0,False
61,7,TUMBLE,True,True,0.044568173390298796,-0.032706711061951464,0.07727488445225025,0.16353405466521934,0.13478099792756298,0.14511977161867134,0.025966282955319768,0.06807578238150588,0.004634312146854147,0.17613609269199648,"(-0.2,0.2]",Q2,0.0,False
61,8,TUMBLE,True,True,-0.1584192083345098,-0.11261569565709428,-0.0458035126774155,-0.1180452615832858,-0.09396467861466236,-0.10190163327913634,-0.009424112549772351,0.07344749374763142,0.005394534337808356,0.20298738172480857,"(-0.2,0.2]",Q2,0.0,False
61,9,TUMBLE,True,True,0.014104414563112917,-0.1253160668927468,0.13942048145585972,0.07102993203521842,0.09382678184209883,0.10205011393662593,0.022033707899865137,0.08107154325517256,0.006572595125775315,0.20298738172480857,"(-0.2,0.2]",Q2,0.0,False
61,10,TUMBLE,True,True,0.09478404975182875,0.044568173390298796,0.05021587636152995,0.1669414466375272,0.12803292321219478,0.15104972157028995,0.040973647446196526,0.0985652374711842,0.009715106037750934,0.25320325808633853,"(-0.2,0.2]",Q3,0.0,False
61,11,TUMBLE,True,True,-0.014605230931077188,-0.1584192083345098,0.1438139774034326,-0.06904946308854802,0.0019050170754455163,-0.013364588273759855,0.013485644944358643,0.08532602328149945,0.007280530249034986,0.25320325808633853,"(-0.2,0.2]",Q2,0.0,False
61,12,RUN,True,True,0.12974152098722644,0.014104414563112917,0.11563710642411353,0.08965211157685066,0.09831377652593828,0.14577551472488776,0.054761181314928235,0.10046387775846155,0.010092990734267105,0.2881607293217362,"(-0.2,0.2]",Q3,0.0,False
61,13,TUMBLE,True,True,0.010808930445099934,0.09478404975182875,-0.08397511930672881,-0.04675921458297469,-0.059164516157559396,-0.045197258147672795,0.002836650299937179,0.055347243307415604,0.0030633173417302616,0.14434675191830362,"(-0.2,0.2]",Q1,0.0,False
61,14,TUMBLE,True,True,-0.06337596127065341,-0.014605230931077188,-0.048770730339576226,-0.1336511869868166,-0.10535770143773647,-0.11855827883392289,-0.029090586066878723,0.07100918785733133,0.005042304760157772,0.19311748225787984,"(-0.2,0.2]",Q2,0.0,False
61,15,TUMBLE,True,True,0.017237909707405345,0.12974152098722644,-0.11250361127982109,0.04352142512018208,-0.008486920346485637,0.0015955948997564036,-0.012943120098091475,0.06356544528480283,0.004040565834255262,0.19311748225787984,"(-0.2,0.2]",Q1,0.0,False
61,16,RUN,True,True,-0.04493308993086241,0.010808930445099934,-0.05574202037596235,-0.021864064149238378,-0.03315671622481303,-0.06853618989813198,-0.03429202425738724,0.0675169540068989,0.004558539078369702,0.19311748225787984,"(-0.2,0.2]",Q2,0.0,False
61,17,RUN,True,True,-0.13269085368729916,-0.06337596127065341,-0.06931489241664575,-0.11884326357557062,-0.10233380652259567,-0.11262530092504652,-0.02685566969250072,0.05474766596359858,0.00299730692846177,0.1499287633947045,"(-0.2,0.2]",Q1,0.0,False
61,18,TUMBLE,True,True,0.19629879668804742,0.017237909707405345,0.17906088698064207,0.28511076849712824,0.24976080799163283,0.25223929548339985,0.03694207525226971,0.11164396566580519,0.012464375069587487,0.32898965037534655,"(0.2,1]",Q3,0.0,False
61,19,TUMBLE,True,True,0.05997667244517154,-0.04493308993086241,0.10490976237603394,0.02817270094479741,0.05375172142187626,0.05099848175084874,0.03267094120944421,0.10974010462487638,0.012042890563078813,0.32898965037534655,"(-0.2,0.2]",Q3,0.0,True
62,0,TUMBLE,True,False,,,,,,,,,,,,,0.0,False
62,1,RUN,True,True,0.018017021331890915,0.018017021331890915,0.0,,,,-0.1424581174964461,0.07122905874822306,0.005073578810157813,0.1424581174964461,,Q2,0.0,False
62,2,TUMBLE,True,True,0.03853224938975088,0.018017021331890915,0.020515228057859967,-0.050713830690363094,,,-0.06097144471929307,0.06288018421969807,0.003953917567503166,0.1424581174964461,,Q1,0.0,False
62,3,TUMBLE,True,True,0.29375088053576004,0.018017021331890915,0.2757338592038691,0.2654762451749391,0.22140941068576708,,0.04203424531801288,0.11025918108900672,0.012157087014418377,0.2757338592038691,"(0.2,1]",Q3,0.0,False
62,4,RUN,True,True,0.03206327027370127,0.018017021331890915,0.014046248941810353,-0.1340782946890542,-0.08470344681209935,-0.09563055224773345,0.0018910122094597374,0.10577760639779922,0.011188902015247734,0.2757338592038691,"(-0.2,0.2]",Q3,0.0,False
62,5,TUMBLE,True,True,0.09587169428455375,0.03853224938975088,0.05733944489480287,-0.0670353811201769,-0.02557710578185031,0.0002808389017779772,0.0149240366789276,0.10254423141457987,0.01051531939640691,0.2757338592038691,"(-0.2,0.2]",Q3,0.0,False
62,6,TUMBLE,True,True,-0.04946971067958614,0.29375088053576004,-0.3432205912153462,-0.11343719295871364,-0.19003165904425784,-0.16452423430052762,-0.03738831063898802,0.11549731982983542,0.013339630887875296,0.3432205912153462,"(-0.2,0.2]",Q3,0.0,False
62,7,RUN,True,True,0.059820434880486724,0.03206327027370127,0.027757164606785456,0.03661944307800292,0.033665350254263766,-0.033233598723120504,-0.054939387226383404,0.11419600005565707,0.01304072642871163,0.3432205912153462,"(-0.2,0.2]",Q3,0.0,False
62,8,TUMBLE,True,True,0.20721123704264766,0.09587169428455375,0.1113395427580939,0.20203587494219735,0.17180376421416288,0.17263981485285876,0.03142446741338256,0.08403337834300466,0.0070616086757385645,0.2566809477222338,"(-0.2,0.2]",Q2,0.0,False
62,9,RUN,True,True,0.09363859005304276,-0.04946971067958614,0.1431083007326289,-0.03987724590852443,0.021117936305193347,0.015280176171017262,0.025221473925921164,0.08219518008785479,0.00675604762967488,0.2566809477222338,"(-0.2,0.2]",Q2,0.0,False
62,10,RUN,True,True,-0.21592289568178397,0.059820434880486724,-0.2757433305622707,-0.3663478092296292,-0.3361463163405097,-0.2937230335059317,-0.02990882148318394,0.143204433978557,0.020507509911118892,0.4231341327244316,"(-1,-0.2]",Q4,0.0,False
62,11,TUMBLE,True,True,0.018506374302296645,0.20721123704264766,-0.188704862740351,0.07964852711666726,-0.009802602835672171,-0.017680467271301646,-0.050576225388081174,0.13922499254000173,0.019383598547763538,0.4231341327244316,"(-0.2,0.2]",Q4,0.0,False
62,12,TUMBLE,True,True,-0.00933796371885253,0.09363859005304276,-0.1029765537718953,0.08937029697089113,0.025254680056628988,-0.035196290147903306,-0.05082306172737465,0.13927402913866196,0.019397255192516862,0.4231341327244316,"(-0.2,0.2]",Q4,0.0,False
62,13,TUMBLE,True,True,0.09849532778914742,-0.21592289568178397,0.3144182234709314,0.09391112249742536,0.16741348948859403,0.1267743015504717,0.021629840743514057,0.11443700737250423,0.013095828656374587,0.3144182234709314,"(-0.2,0.2]",Q3,0.0,False
62,14,RUN,True,True,0.016946639715375154,0.018506374302296645,-0.0015597345869214907,-0.027632042319772294,-0.018941273075488693,0.04401142904267326,0.05457280242811692,0.10523621368702692,0.011074660671181591,0.3144182234709314,"(-0.2,0.2]",Q3,0.0,False
62,15,TUMBLE,True,True,0.04513946405290535,-0.00933796371885253,0.05447742777175788,-0.012581519699355934,0.009771462791015331,0.01398686953091368,0.007955078293544509,0.03658625721163338,0.0013385542167557956,0.10783329150799995,"(-0.2,0.2]",Q1,0.0,False
62,16,TUMBLE,True,True,0.008170852797267886,0.09849532778914742,-0.09032447499187954,-0.022872199086872366,-0.045356291055208095,-0.029640014162375963,-0.0018338230704001157,0.037676158737349,0.0014194929372019196,0.10783329150799995,"(-0.2,0.2]",Q1,0.0,False
62,17,TUMBLE,True,True,0.12790804107487314,0.016946639715375154,0.11096140135949797,0.10125288264978652,0.10448905555302367,0.08571996998619918,0.0050049639653344065,0.046587228891979325,0.002170369895833673,0.11973718827760525,"(-0.2,0.2]",Q1,0.0,False
62,18,RUN,True,True,-0.025581350005101262,0.04513946405290535,-0.07072081405800662,-0.09362079694117179,-0.08598746931345005,-0.07512259941520665,-0.00022874024189850436,0.05186399907745899,0.0026898744003066672,0.1534893910799744,"(-0.2,0.2]",Q1,0.0,False
62,19,RUN,True,True,0.07075379307319983,0.008170852797267886,0.06258294027593195,0.01959044753831389,0.033921278450853236,0.03184454109321355,0.0017476455238219786,0.05267778805055261,0.002774949353898943,0.1534893910799744,"(-0.2,0.2]",Q1,0.0,True
63,0,TUMBLE,True,False,,,,,,,,,,,,,0.0,False
63,1,TUMBLE,True,True,-0.13166379766871855,-0.13166379766871855,0.0,,,,-0.2243412569275861,0.11217062846379307,0.012582249889962304,0.22434125692758614,,Q3,0.0,False
63,2,TUMBLE,True,True,0.2091716111440416,-0.13166379766871855,0.34083540881276014,0.2286647803489671,,,0.058247075942586934,0.14144832699370252,0.020007629209317392,0.34083540881276014,,Q4,0.0,False
63,3,TUMBLE,True,True,0.033714248897077206,-0.13166379766871855,0.16537804656579574,-0.005039657840584313,-0.023014175347653,,0.016394577772738887,0.12290252929471343,0.015105031707037893,0.34083540881276014,"(-0.2,0.2]",Q4,0.0,False
63,4,RUN,True,True,0.22221760081934644,-0.13166379766871855,0.353881398488065,0.10077467079878705,0.18514358002854636,0.1712427204115295,0.042445832968675316,0.1295217219336622,0.016775876452660914,0.353881398488065,"(-0.2,0.2]",Q4,0.0,False
63,5,RUN,True,True,-0.13951017162261697,0.2091716111440416,-0.34868178276665857,-0.2674760964808288,-0.29454465857610534,-0.22287008742055364,-0.00026467582324917204,0.15719210518589263,0.024709357932772735,0.3617277724419634,"(-1,-0.2]",Q4,0.0,False
63,6,TUMBLE,True,True,0.036431532002645255,0.033714248897077206,0.0027172831055680483,-0.004922182595719478,-0.002375694028623629,-0.04496679030681681,-0.051870457880248695,0.1333026825480899,0.017769605174516836,0.3617277724419634,"(-0.2,0.2]",Q4,0.0,False
63,7,TUMBLE,True,True,0.08057462765021296,0.22221760081934644,-0.1416429731691335,0.13211394746019883,0.04086164058375472,0.04236132512609998,-0.009206531131042967,0.1156738663110956,0.013380443347357216,0.3617277724419634,"(-0.2,0.2]",Q3,0.0,False
63,8,RUN,True,True,0.019294956624960273,-0.13951017162261697,0.15880512824757725,-0.03920812320146883,0.02679629394821319,-0.030633440587436646,-0.018576048911594267,0.11614010848806051,0.013488524799618465,0.3617277724419634,"(-0.2,0.2]",Q3,0.0,False
63,9,TUMBLE,True,True,-0.07323799560270423,0.036431532002645255,-0.10966952760534948,-0.12317278774029085,-0.11867170102864373,-0.07243573176650461,0.011540777666214063,0.07981213461942874,0.006369976832509815,0.22008479927282992,"(-0.2,0.2]",Q2,0.0,False
63,10,TUMBLE,True,True,-0.04177376827016716,0.08057462765021296,-0.12234839592038013,-0.014802248781295182,-0.05065096449432349,-0.05753954843894572,-0.03102232237985419,0.055154377716399396,0.003042005381283254,0.1538126232529172,"(-0.2,0.2]",Q1,0.0,False
63,11,TUMBLE,True,True,-0.06910934322688005,0.019294956624960273,-0.08840429985184031,-0.011603461290444345,-0.03720374081090967,-0.06532379832745551,-0.03604366666493135,0.058872498144922535,0.003465971037823907,0.1538126232529172,"(-0.2,0.2]",Q1,0.0,False
63,12,RUN,True,True,-0.11026868675606405,-0.07323799560270423,-0.037030691153359815,-0.05482713100754044,-0.048894984389480235,-0.06906214913736626,-0.025499863438622445,0.04308363441608423,0.0018561995544987978,0.12956364338102433,"(-0.2,0.2]",Q1,0.0,False
63,13,RUN,True,True,-0.10084936787622957,-0.04177376827016716,-0.05907559960606241,-0.011160352884757516,-0.027132101791859153,-0.0272519194122757,-0.012371766303294751,0.024380042343089502,0.000594386464650837,0.0684949184858969,"(-0.2,0.2]",Q1,0.0,False
63,14,TUMBLE,True,True,0.25980916275319027,-0.06910934322688005,0.32891850598007033,0.3653681900693371,0.3532182953729148,0.3403094542855255,0.057142583739736526,0.1382592921364841,0.019115631862081657,0.3700778495092543,"(0.2,1]",Q4,0.0,False
63,15,RUN,True,True,0.3073040198764082,-0.11026868675606405,0.41757270663247226,0.22782412243792785,0.291073650502776,0.31240857865290406,0.11229045757158305,0.18578576403117536,0.034516350116647575,0.41757270663247226,"(0.2,1]",Q4,0.0,False
63,16,TUMBLE,True,True,0.5165856765255206,-0.10084936787622957,0.6174350444017501,0.2330290852107213,0.3611644049410643,0.42758689452619436,0.16618621143158066,0.24447807634618085,0.05976952981392903,0.6268543632815846,"(0.2,1]",Q4,0.0,False
63,17,TUMBLE,True,True,0.3157633608791804,0.25980916275319027,0.05595419812599012,-0.096181487321784,-0.045469592172526,0.07005098805945803,0.10900019712831503,0.20069646234588717,0.04027906999815411,0.6174350444017501,"(-0.2,0.2]",Q4,0.0,False
63,18,RUN,True,True,0.10123181875197282,0.3073040198764082,-0.2060722011244354,-0.3149426999503776,-0.2786525336750636,-0.24863373625660204,-0.030869534699966266,0.132917406283647,0.017667036893172085,0.4153538577735477,"(-1,-0.2]",Q4,0.0,False
63,19,TUMBLE,True,True,-0.018790139687545802,0.5165856765255206,-0.5353758162130664,-0.2272877295031224,-0.329983758406437,-0.32901135869581627,-0.1067542176901456,0.18595744860255628,0.03458017269077236,0.5353758162130664,"(-1,-0.2]",Q4,0.0,True
64,0,TUMBLE,True,False,,,,,,,,,,,,,0.0,False
64,1,TUMBLE,True,True,0.43767169896742897,0.43767169896742897,0.0,,,,0.5356328180142029,0.2678164090071015,0.07172562893345909,0.535632818014203,,Q4,0.0,False
64,2,TUMBLE,True,True,0.3111138295058974,0.43767169896742897,-0.12655786946153158,0.14125853954556994,,,0.20453747427633578,0.22858543834000966,0.052251302621094356,0.535632818014203,,Q4,0.0,False
64,3,RUN,True,True,0.5076756142439633,0.43767169896742897,0.07000391527653438,0.13328285000730017,0.2907341444351126,,0.1690352330410681,0.2346000132771713,0.05503716622964896,0.6056367332907374,"(0.2,1]",Q4,0.0,False
64,4,TUMBLE,True,True,-0.2308130332005605,0.43767169896742897,-0.6684847321679894,-0.6402077550754909,-0.6496334141063238,-0.5204380391181894,-0.019569991303103784,0.29557850631179006,0.08736665339350891,0.7384886474445238,"(-1,-0.2]",Q4,0.0,False
64,5,TUMBLE,True,True,0.031554702295798855,0.3111138295058974,-0.2795591272100985,-0.10687658822590257,-0.16443743455396787,-0.2248573250833835,-0.13541608560497181,0.2745241915592148,0.07536353175124047,0.7384886474445238,"(-0.2,0.2]",Q4,0.0,False
64,6,TUMBLE,True,True,-0.061159981115645405,0.5076756142439633,-0.5688355953596087,0.03846918433673543,-0.16396574222871263,-0.21604275932692016,-0.12206685331912501,0.26464375257327705,0.07003631577606588,0.7384886474445238,"(-0.2,0.2]",Q4,0.0,False
64,7,RUN,True,True,0.0591943831379192,-0.2308130332005605,0.2900074163384797,0.07399702254784248,0.14600048714472155,-0.002619942417969874,-0.07273094101271735,0.2451395015182874,0.060093375204634425,0.7384886474445238,"(-0.2,0.2]",Q4,0.0,False
64,8,RUN,True,True,0.09598872106086638,0.031554702295798855,0.06443401876506752,0.09697152004972948,0.08612568628817549,0.14629470328148836,0.06812431893649744,0.11705880453448451,0.013702763719042652,0.3268017542614269,"(-0.2,0.2]",Q3,0.0,False
64,9,TUMBLE,True,True,0.4980684104323173,-0.061159981115645405,0.5592283915479627,0.42047685833292453,0.4667273694046039,0.46667395408758255,0.10901761184495483,0.19377268542046255,0.03754785361505754,0.5592283915479627,"(0.2,1]",Q4,0.0,False
64,10,RUN,True,True,-0.17334408508332738,0.0591943831379192,-0.23253846822124657,-0.47037265082991925,-0.39109458996036167,-0.32136696846219176,0.021450581935903438,0.2278195694168141,0.05190175620926258,0.6714124955156446,"(-1,-0.2]",Q4,0.0,False
64,11,TUMBLE,True,True,-0.08801472578028842,0.09598872106086638,-0.1840034468411548,-0.2503768884547834,-0.2282524079169072,-0.2079915831672323,-0.05637510239806087,0.23146003394576428,0.05357374731417435,0.6714124955156446,"(-1,-0.2]",Q4,0.0,False
64,12,RUN,True,True,0.029746329674107216,0.4980684104323173,-0.4683220807582101,0.16042573510591512,-0.049156870182126625,-0.05342825048328477,-0.07185679189861238,0.23224657545434824,0.05393847181027227,0.6714124955156446,"(-0.2,0.2]",Q4,0.0,False
64,13,TUMBLE,True,True,0.5136123953940823,-0.17334408508332738,0.6869564804774098,0.5427465934471729,0.5908165557905851,0.4469984130833801,0.02341783846809638,0.2928645160716119,0.08576962477385942,0.6869564804774098,"(0.2,1]",Q4,0.0,False
64,14,RUN,True,True,-0.09841282475997686,-0.08801472578028842,-0.010398098979688436,-0.3700921872940716,-0.2501941578559439,-0.1689128033111203,0.0751489641821072,0.24715239865887337,0.06108430816283467,0.6869564804774098,"(-1,-0.2]",Q4,0.0,False
64,15,TUMBLE,True,True,-0.03804103677655076,0.029746329674107216,-0.06778736645065797,-0.2456408220936035,-0.18635633687928832,-0.12727383040853182,-0.002821177642660857,0.2294441759343488,0.0526446298701924,0.6120252201540591,"(-0.2,0.2]",Q4,0.0,False
64,16,TUMBLE,True,True,0.023586137368401386,0.5136123953940823,-0.49002625802568095,0.09181306813666519,-0.10213337391745018,-0.07814007851451409,-0.05639738167820444,0.2187722774450977,0.0478613093785148,0.6120252201540591,"(-0.2,0.2]",Q4,0.0,False
64,17,RUN,True,True,0.47355202541262037,-0.09841282475997686,0.5719648501725972,0.48077947511669505,0.5111746001353291,0.37336585760613134,0.00418782221654536,0.2633851860513232,0.06937175623129015,0.6120252201540591,"(0.2,1]",Q4,0.0,False
64,18,TUMBLE,True,True,0.51903185489594,-0.03804103677655076,0.5570728916724907,0.2704627735054291,0.3659994795611163,0.4288607795848164,0.1746482421501004,0.26478443856331474,0.0701107989052898,0.6174446796559168,"(0.2,1]",Q4,1.0,True
65,0,TUMBLE,True,False,,,,,,,,,,,,,0.0,False
65,1,TUMBLE,True,True,0.03589171453444999,0.03589171453444999,0.0,,,,0.2098687833034104,0.10493439165170519,0.011011226551313456,0.2098687833034104,,Q3,0.0,False
65,2,TUMBLE,True,True,-0.008342620080352539,0.03589171453444999,-0.04423433461480253,0.06070005703690266,,,0.08281722434430394,0.09033047545076248,0.008159594795160803,0.2098687833034104,,Q2,0.0,False
65,3,RUN,True,True,0.05653454718799653,0.03589171453444999,0.020642832653546543,0.04275999996094781,0.1053438719596175,,0.06473005132560686,0.09055631245952103,0.008200445726266404,0.23051161595695693,"(-0.2,0.2]",Q2,0.0,False
65,4,TUMBLE,True,True,0.06859431744858999,0.03589171453444999,0.03270260291414,0.044498353894767986,0.04056643690122533,0.0910676742303066,0.05057856050886473,0.08881040472471616,0.007887287987367887,0.2425713862175504,"(-0.2,0.2]",Q2,0.0,False
65,5,RUN,True,True,-0.08017671662058619,-0.008342620080352539,-0.07183409654023365,-0.14274114893887946,-0.11910546480599751,-0.11834620639325719,-0.015519992478112978,0.05410391806539244,0.002927233950026699,0.1487710340691762,"(-0.2,0.2]",Q1,0.0,False
65,6,TUMBLE,True,True,0.15537404067065316,0.05653454718799653,0.09883949348265664,0.16116524025665127,0.14038999133198637,0.14622165868674122,0.019072205769342866,0.07895415758681282,0.006233759000243272,0.23555075729123937,"(-0.2,0.2]",Q2,0.0,False
65,7,TUMBLE,True,True,0.08167311725044167,0.06859431744858999,0.013078799801851684,0.044074455225408184,0.03374257008422268,0.0315915700787783,0.013705686334695336,0.07646765353530474,0.005847302037195403,0.23555075729123937,"(-0.2,0.2]",Q2,0.0,False
65,8,RUN,True,True,-0.06690965638690212,-0.08017671662058619,0.01326706023368407,-0.18543323534744954,-0.11919980348707167,-0.12327584607417678,-0.010915811379995642,0.09098794963160987,0.008278806978164376,0.23555075729123937,"(-0.2,0.2]",Q2,0.0,False
65,9,RUN,True,True,-0.04158435570545704,0.15537404067065316,-0.1969583963761102,-0.04896608613722682,-0.0982968562168546,-0.06407455193385868,-0.014509897522729675,0.09271246028496173,0.008595600292090607,0.23555075729123937,"(-0.2,0.2]",Q2,0.0,False
65,10,TUMBLE,True,True,0.029330896379562425,0.08167311725044167,-0.052342220870879246,0.083577902425742,0.03827119466020159,-0.0028073900776214925,-0.03753437615380804,0.08110804975907603,0.006578515735720753,0.2222836970575553,"(-0.2,0.2]",Q2,0.0,False
65,11,RUN,True,True,-0.143833298803605,-0.06690965638690212,-0.07692364241670287,-0.13770656914065768,-0.11744559356600608,-0.14446079918801621,-0.03547722793416288,0.07801349023827461,0.006086104659157369,0.22550641605404664,"(-0.2,0.2]",Q2,0.0,False
65,12,TUMBLE,True,True,-0.02160128116164289,-0.04158435570545704,0.019983074543814153,0.035649920050378384,0.030427638214856976,0.03414782246745754,-0.0011632192647629434,0.05701839858506992,0.0032510977772059035,0.17316419518316742,"(-0.2,0.2]",Q1,0.0,False
65,13,RUN,True,True,-0.0451493182232487,0.029330896379562425,-0.07448021460281112,0.03756797175937524,0.0002185763053131201,-0.0007273084004630753,-0.005806210257678859,0.05630516258682312,0.003170271333928586,0.17316419518316742,"(-0.2,0.2]",Q1,0.0,False
65,14,TUMBLE,True,True,0.11688420857773922,-0.143833298803605,0.2607175073813442,0.15025950827018503,0.18707884130723806,0.16219745902997276,0.02737906049767097,0.0858913796808977,0.007377329103488127,0.2607175073813442,"(-0.2,0.2]",Q2,0.0,False
65,15,TUMBLE,True,True,0.4230322956797505,-0.02160128116164289,0.4446335768413934,0.3871648505025052,0.40632109261546795,0.4464572180824398,0.1272216678706093,0.19703773366919394,0.0388238684894922,0.5668655944833555,"(0.2,1]",Q4,0.0,False
65,16,RUN,True,True,-0.17955129082395366,-0.0451493182232487,-0.13440197260070497,-0.4495095429526985,-0.34447368616870067,-0.2978427670421032,0.015228159457837771,0.2049975977453072,0.04202401508134678,0.6025835865037041,"(-1,-0.2]",Q4,0.0,False
65,17,RUN,True,True,-0.01332556743584793,0.11688420857773922,-0.13020977601358716,-0.13506606986374634,-0.1334473052470266,-0.09212954123841977,-0.023278799782689114,0.20437484440225617,0.04176907702444642,0.6025835865037041,"(-0.2,0.2]",Q4,0.0,False
65,18,RUN,True,True,-0.02612547745114078,0.4230322956797505,-0.4491577731308913,0.07031295167876,-0.10284395659112375,-0.1128853889505628,-0.07223772351733583,0.20254374245788256,0.04102396760884506,0.6025835865037041,"(-0.2,0.2]",Q4,0.0,False
65,19,TUMBLE,True,True,0.057454791037173096,-0.17955129082395366,0.23700608186112676,0.07718031348066745,0.13045556960748722,0.006447301044971064,-0.05777291959123422,0.2008388899369634,0.0403362597111117,0.6025835865037041,"(-0.2,0.2]",Q4,0.0,True
66,0,RUN,True,False,,,,,,,,,,,,,0.0,False
66,1,TUMBLE,True,True,0.29599459346672463,0.29599459346672463,0.0,,,,0.06875553806730228,0.03437776903365117,0.001181831003731065,0.06875553806730234,,Q1,0.0,False
66,2,TUMBLE,True,True,0.15113943682831663,0.29599459346672463,-0.144855156638408,-0.11047738760475681,,,-0.03804980928555283,0.059162199236345865,0.003500165818481083,0.144855156638408,,Q1,0.0,False
66,3,RUN,True,True,0.1845826626022238,0.29599459346672463,-0.11141193086450082,-0.038984352545296835,-0.04020836596259736,,-0.027282433503000404,0.0541133809133191,0.0029282579938699673,0.144855156638408,"(-0.2,0.2]",Q1,0.0,False
66,4,RUN,True,True,0.4204645612255425,0.29599459346672463,0.12446996775881786,0.25260351151027227,0.20989233025978746,0.20572562415137066,0.027503908078773932,0.09546879900936922,0.009114291584291338,0.2693251243972259,"(0.2,1]",Q3,0.0,False
66,5,TUMBLE,True,True,0.39968027859421923,0.15113943682831663,0.2485408417659026,0.09715666668033607,0.14761805837552489,0.13663496506351736,0.04766964946522148,0.10906977433431547,0.011896215673338503,0.2693251243972259,"(-0.2,0.2]",Q3,0.0,False
66,6,TUMBLE,True,True,0.4813915672688153,0.1845826626022238,0.2968089046665915,0.07131914735893446,0.14648239979482014,0.19242483245623976,0.08756018768729927,0.13346416646091333,0.017812683729106382,0.3302521304404987,"(-0.2,0.2]",Q4,0.0,False
66,7,TUMBLE,True,True,0.3994550198281814,0.4204645612255425,-0.02100954139736111,-0.0410809031033359,-0.03439044920134432,0.02792525240548116,0.04906717204951877,0.10082634196226542,0.010165951233491686,0.2968089046665915,"(-0.2,0.2]",Q3,0.0,False
66,8,RUN,True,True,0.250201951774598,0.39968027859421923,-0.14947832681962125,-0.19022134177390038,-0.17664033678914065,-0.17504590495459166,-0.03407504776679271,0.07616668918788562,0.005801364541843972,0.23118961549421735,"(-0.2,0.2]",Q2,0.0,False
66,9,TUMBLE,True,True,0.23374304137901955,0.4813915672688153,-0.24764852588979577,-0.09108544442237013,-0.14327313824484536,-0.1489391629874339,-0.05630640899246167,0.09551033130973396,0.009122223386895148,0.24764852588979577,"(-0.2,0.2]",Q3,0.0,False
66,10,TUMBLE,True,True,0.24662875360601424,0.3994550198281814,-0.15282626622216713,0.004656257029205496,-0.04783791738791873,-0.09456914145663933,-0.0635237605774764,0.10002961921383678,0.010005924720065184,0.24764852588979577,"(-0.2,0.2]",Q3,0.0,False
66,11,TUMBLE,True,True,0.24817319768393445,0.250201951774598,-0.002028754090663526,0.007987300191417551,0.004648615430723868,-0.034333993963018866,-0.030613684245707793,0.06217505322923283,0.0038657372440579355,0.16571197844916183,"(-0.2,0.2]",Q1,0.0,False
66,12,TUMBLE,True,True,0.2317676726354112,0.23374304137901955,-0.0019753687436083467,-0.015633303009563143,-0.011080658254244868,-0.01291906347548033,-0.0022438401973458757,0.007741197133777894,5.9926133064011085e-05,0.01843427913918677,"(-0.2,0.2]",Q1,0.0,False
66,13,RUN,True,True,0.2507211606518134,0.24662875360601424,0.004092407045799135,0.010750725492140567,0.008531286010026756,0.010642994325718524,0.0019095157574984412,0.00785183421180068,6.16513004896036e-05,0.018953488016402176,"(-0.2,0.2]",Q1,0.0,False
66,14,TUMBLE,True,True,0.22455549040458322,0.24817319768393445,-0.023617707279351224,-0.016688926239029067,-0.018998519919136453,-0.01976720573971008,-0.0041598563434983105,0.010308318628088058,0.00010626143293818726,0.026165670247230155,"(-0.2,0.2]",Q1,0.0,False
66,15,RUN,True,True,0.16224931359817701,0.2317676726354112,-0.06951835903723419,-0.07538901193002129,-0.0734321276324256,-0.07655506674575854,-0.017905995040234268,0.03215858549965626,0.0010341746213387017,0.08847184705363637,"(-0.2,0.2]",Q1,0.0,False
66,16,TUMBLE,True,True,0.08065065236811081,0.2507211606518134,-0.17007050828370257,-0.11275174963326931,-0.1318580025167471,-0.1366727569543854,-0.039070588758823716,0.06221424201571065,0.0038706119095894163,0.17007050828370257,"(-0.2,0.2]",Q1,0.0,False
66,17,RUN,True,True,0.12543096866012743,0.22455549040458322,-0.0991245217444558,0.003980985676983517,-0.030387516796829578,-0.05411318559554368,-0.039448522201984436,0.06247209350520926,0.0039027624669236093,0.17007050828370257,"(-0.2,0.2]",Q1,0.0,False
66,18,TUMBLE,True,True,0.029842160734570192,0.16224931359817701,-0.13240715286360683,-0.07319864977954893,-0.09293481747423489,-0.11837944552317942,-0.042624500427807584,0.0668129327476845,0.004463967982346612,0.19471332967001304,"(-0.2,0.2]",Q2,0.0,False
66,19,RUN,True,True,-0.05860845017794819,0.08065065236811081,-0.139259102546059,-0.136245014875297,-0.13724971076555098,-0.15815172401819455,-0.0492524019185791,0.07723596406779924,0.005965394145482376,0.2208577637761252,"(-0.2,0.2]",Q2,0.0,True
67,0,TUMBLE,True,False,,,,,,,,,,,,,1.0,True
68,0,RUN,True,False,,,,,,,,,,,,,0.0,False
68,1,TUMBLE,True,True,0.2579006127968783,0.2579006127968783,0.0,,,,0.14929831498166765,0.07464915749083383,0.005572496714091312,0.14929831498166768,,Q2,0.0,False
68,2,TUMBLE,True,True,0.4513511277812081,0.2579006127968783,0.1934505149843298,0.26809967247516364,,,0.17137441498299869,0.14031308208872198,0.019687761005236434,0.3427488299659975,,Q4,0.0,False
68,3,RUN,True,True,0.4052150062998623,0.2579006127968783,0.14731439350298398,0.05058913601081905,0.13259699350209658,,0.10832886404382844,0.1343965727149093,0.0180624387575139,0.3427488299659975,"(-0.2,0.2]",Q4,1.0,True
69,0,RUN,True,False,,,,,,,,,,,,,0.0,False
69,1,TUMBLE,True,True,0.12294918383636091,0.12294918383636091,0.0,,,,0.028570020787928863,0.014285010393964431,0.00020406152195567184,0.028570020787928863,,Q1,0.0,False
69,2,RUN,True,True,-0.016992872495084896,0.12294918383636091,-0.1399420563314458,-0.1256570459374814,,,-0.05568601777175846,0.06037269021963365,0.003644861724355849,0.1399420563314458,,Q1,0.0,False
69,3,TUMBLE,True,True,0.07333222644380429,0.12294918383636091,-0.04961695739255663,0.020354070773166276,0.006553734980568271,,-0.020308286614532923,0.05236124223773293,0.002741699688678547,0.1399420563314458,"(-0.2,0.2]",Q1,0.0,False
69,4,TUMBLE,True,True,0.2069448901364681,0.12294918383636091,0.08399570630010719,0.17877521316210843,0.14718204420810801,0.13852796492809002,0.01755144967835154,0.0725517696660925,0.00526375928168174,0.22393776263155302,"(-0.2,0.2]",Q2,0.0,False
69,5,RUN,True,True,0.09103815266646267,-0.016992872495084896,0.10803102516154757,-0.049100405623673515,0.0032767379714001843,-0.005520204313924429,0.01601157002917564,0.07258012871852491,0.005267875084797645,0.22393776263155302,"(-0.2,0.2]",Q2,0.0,False
69,6,TUMBLE,True,True,-0.0638131110701432,0.07333222644380429,-0.13714533751394747,-0.21280463247160858,-0.18758486748572156,-0.15239371025805573,-0.007593455092745809,0.09378005126504375,0.008794698015274235,0.2707580012066113,"(-0.2,0.2]",Q3,0.0,False
69,7,TUMBLE,True,True,-0.07099776586665545,0.2069448901364681,-0.27794265600312357,-0.08461028666481518,-0.14905440977758463,-0.1478733054108034,-0.05594179858275304,0.10432418570576127,0.010883535723170164,0.27794265600312357,"(-0.2,0.2]",Q3,0.0,False
69,8,RUN,True,True,0.11161041936773437,0.09103815266646267,0.0205722667012717,0.17901585783613372,0.12620132745784637,0.07081737790120135,-0.03527048600705857,0.1073151625623369,0.011516544115780796,0.27794265600312357,"(-0.2,0.2]",Q3,0.0,False
69,9,TUMBLE,True,True,0.19395707981111127,-0.0638131110701432,0.25777019088125447,0.17365075306057182,0.20169056566746602,0.17699765603676165,0.03812613847271746,0.10370118112137865,0.01075393496596898,0.2649548456777667,"(0.2,1]",Q3,0.0,False
69,10,RUN,True,True,-0.09694347240773692,-0.07099776586665545,-0.02594570654108147,-0.24972722199715974,-0.1751333835118003,-0.13963262796824866,0.019869412300257933,0.11618725493579696,0.013499478209515874,0.2909005522188482,"(-0.2,0.2]",Q3,0.0,False
69,11,TUMBLE,True,True,0.10239775843838612,0.11161041936773437,-0.009212660929348249,0.05389095473669895,0.03285641618134989,0.0679911932122728,0.013823715683461187,0.11267470797098088,0.012695589816345821,0.2909005522188482,"(-0.2,0.2]",Q3,0.0,False
69,12,TUMBLE,True,True,0.12758747207251042,0.19395707981111127,-0.06636960773860084,0.12486032905718582,0.06111701679192359,0.04983202577013672,-0.005960521596317311,0.09773691136017162,0.009552503842226044,0.2909005522188482,"(-0.2,0.2]",Q3,0.0,False
69,13,RUN,True,True,-0.07293280725267097,-0.09694347240773692,0.024010665155065947,-0.18792542250811922,-0.11728005995372418,-0.15468251673123867,-0.030924882964731726,0.11505697232320185,0.013238106880182036,0.2909005522188482,"(-0.2,0.2]",Q3,0.0,False
69,14,TUMBLE,True,True,0.09279234683136048,0.10239775843838612,-0.009605411607025646,0.06546501442144076,0.04044153907861863,0.07776510911873831,0.02041410727871378,0.09530556483563529,0.009083150688639482,0.22453094448024735,"(-0.2,0.2]",Q3,0.0,False
69,15,TUMBLE,True,True,-0.004800773752546566,0.12758747207251042,-0.13238824582505698,-0.01473054354189132,-0.05394977763627988,-0.06726196627494307,-0.02491921896230153,0.07577230809173519,0.005741442673548838,0.2005202793251814,"(-0.2,0.2]",Q2,0.0,False
69,16,TUMBLE,True,True,0.050536798527844366,-0.07293280725267097,0.12346960578051533,0.006541011988437408,0.04551720991913005,0.01487523905318102,-0.008596931358920788,0.07116355156336021,0.005064251071111027,0.2005202793251814,"(-0.2,0.2]",Q2,0.0,False
69,17,RUN,True,True,0.06013285682842942,0.09279234683136048,-0.03265949000293106,0.03726484444078052,0.013956732959543326,0.043733965739932594,0.022387577985868472,0.05824270380062652,0.003392212546007515,0.16572515408403143,"(-0.2,0.2]",Q1,0.0,False
69,18,RUN,True,True,-0.006330299040607968,-0.004800773752546566,-0.0015295252880614015,-0.06166512671874486,-0.041619926241850375,-0.055995606149379894,-0.013331166116296094,0.03858816124274805,0.0014890461880963225,0.09912264587196845,"(-0.2,0.2]",Q1,0.0,False
69,19,TUMBLE,True,True,-0.20711306678124347,0.050536798527844366,-0.25764986530908784,-0.2340143456751542,-0.24189285221979875,-0.23199771242202327,-0.0461491683625846,0.09676199366583112,0.00936288341818634,0.2672459236096729,"(-1,-0.2]",Q3,0.0,True
70,0,TUMBLE,True,False,,,,,,,,,,,,,0.0,False
70,1,TUMBLE,True,True,0.07863674106501041,0.07863674106501041,0.0,,,,0.031714960805080614,0.015857480402540314,0.0002514596847169501,0.03171496080508063,,Q1,0.0,False
70,2,TUMBLE,True,True,0.0068861675307990144,0.07863674106501041,-0.0717505735342114,-0.05589309313167108,,,-0.020017806364565377,0.029357629763455236,0.0008618704253281127,0.0717505735342114,,Q1,0.0,False
70,3,TUMBLE,True,True,-0.08397071728218318,0.07863674106501041,-0.1626074583471936,-0.1267321715800879,-0.12811894690076292,,-0.04644280661605506,0.061025526815023726,0.00372411492305118,0.1626074583471936,"(-0.2,0.2]",Q1,0.0,False
70,4,TUMBLE,True,True,0.09805537789693243,0.07863674106501041,0.01941863683192202,0.1365976527726245,0.09753798079239034,0.08593688500354342,-0.00603402630731883,0.06450515987964764,0.004160915651098903,0.1820260951791156,"(-0.2,0.2]",Q2,0.0,False
70,5,RUN,True,True,0.11238751107134208,0.0068861675307990144,0.10550134354054307,0.10534518076396746,0.105397235022826,0.08748561876870241,0.015867075037879663,0.07285556214325357,0.005307932935209483,0.19635822835352526,"(-0.2,0.2]",Q2,0.0,False
70,6,TUMBLE,True,True,-0.010325978747404378,-0.08397071728218318,0.0736447385347788,-0.11554742323154163,-0.05248336930943481,-0.04366556355162696,0.016193393579711845,0.07269600255312662,0.005284708787204192,0.19635822835352526,"(-0.2,0.2]",Q2,0.0,False
70,7,RUN,True,True,0.03093711672566023,0.09805537789693243,-0.0671182611712722,-0.020093649436308623,-0.03576852001462982,0.0019005684909884947,0.01214343113713501,0.07215805176448561,0.0052067844344461855,0.19635822835352526,"(-0.2,0.2]",Q2,0.0,False
70,8,TUMBLE,True,True,-0.038174447664471076,0.11238751107134208,-0.15056195873581316,-0.048480016653599,-0.08250733068100372,-0.09593795440110367,-0.03539100454684888,0.0588664978428186,0.0034652645682785675,0.15056195873581316,"(-0.2,0.2]",Q1,0.0,False
70,9,TUMBLE,True,True,-0.267533053525705,-0.010325978747404378,-0.2572070747783006,-0.2639143880562996,-0.26167861696363326,-0.2912391038719867,-0.07876895981111608,0.12709070566719816,0.016152047466986393,0.3799205645970471,"(-1,-0.2]",Q4,0.0,False
70,10,RUN,True,True,0.021141058295460487,0.03093711672566023,-0.009796058430199744,0.17399480889054852,0.11273118645029911,0.09241514909844054,-0.023553609616563543,0.11009760938259101,0.012121483591761593,0.29847017025136524,"(-0.2,0.2]",Q3,0.0,False
70,11,TUMBLE,True,True,-0.1285619873771408,-0.038174447664471076,-0.09038753971266973,-0.005365989762018547,-0.033706506412235604,-0.06515465583487696,-0.025968270224567058,0.11113002950485625,0.01234988345775022,0.29847017025136524,"(-0.2,0.2]",Q3,0.0,False
70,12,TUMBLE,True,True,0.08450719050830982,-0.267533053525705,0.3520402440340148,0.13821765504914998,0.20949185137743825,0.18778929807627393,0.03843343424941259,0.1229222791281947,0.01510988670606981,0.3520402440340148,"(0.2,1]",Q4,0.0,False
70,13,TUMBLE,True,True,0.13759709238127224,0.021141058295460487,0.11645603408581176,0.15962449081568775,0.1452350052390624,0.21020879040604112,0.08736264240268038,0.1482908511079652,0.0219901765223247,0.40513014590697727,"(-0.2,0.2]",Q4,0.0,False
70,14,TUMBLE,True,True,-0.11171468656738168,-0.1285619873771408,0.01684730080975913,-0.2227668280121727,-0.14289545173819543,-0.1403855250193571,4.475900327286962e-05,0.10538307513202644,0.011105592524282329,0.266159079758413,"(-0.2,0.2]",Q3,0.0,False
70,15,TUMBLE,True,True,-0.08547171275469198,0.08450719050830982,-0.1699789032630018,-0.09841291566163726,-0.12226824486209212,-0.08092861499095688,-0.01100413278307936,0.10976317643264227,0.012047954900583356,0.266159079758413,"(-0.2,0.2]",Q3,0.0,False
70,16,TUMBLE,True,True,0.10322908387182984,0.13759709238127224,-0.034368008509442396,0.2018222835328667,0.12309218618543032,0.09699961297995274,-0.018562501840892424,0.10318132065417128,0.010646384931938913,0.24931177894865392,"(-0.2,0.2]",Q3,0.0,False
70,17,TUMBLE,True,True,0.07561714049464134,-0.11171468656738168,0.187331827062023,0.06673845493607242,0.10693624564472262,0.06470719626188423,0.009098386666594956,0.10222357646910842,0.010449659586135656,0.24931177894865392,"(-0.2,0.2]",Q3,0.0,False
70,18,TUMBLE,True,True,-0.12727385790780532,-0.08547171275469198,-0.04180214515311334,-0.2166969700910409,-0.1583986951117317,-0.1226888141689047,0.012997051056848613,0.09809966989043298,0.009623545232611922,0.23050294177963515,"(-0.2,0.2]",Q3,0.0,False
70,19,TUMBLE,True,True,0.09405994637267913,0.10322908387182984,-0.009169137499150715,0.11988830507926113,0.07686915755312385,0.10253478294668567,0.012856037647510714,0.09798128212355162,0.009600331646575016,0.23050294177963515,"(-0.2,0.2]",Q3,0.0,True
71,0,RUN,True,False,,,,,,,,,,,,,1.0,True
72,0,TUMBLE,True,False,,,,,,,,,,,,,0.0,False
72,1,TUMBLE,True,True,-0.25661730543182765,-0.25661730543182765,0.0,,,,-0.1986361189066962,0.09931805945334814,0.009864076933578795,0.19863611890669627,,Q3,0.0,False
72,2,TUMBLE,True,True,0.09014239109832566,-0.25661730543182765,0.3467596965301533,0.24744163707680517,,,0.07406178881172847,0.14206383116205643,0.020182132124441275,0.3467596965301533,,Q4,0.0,False
72,3,RUN,True,True,0.19498291972670517,-0.25661730543182765,0.4516002251585328,0.27822037689345613,0.2698016200129163,,0.1105652015285663,0.1696622247249807,0.028785270498629847,0.4516002251585328,"(0.2,1]",Q4,0.0,False
72,4,TUMBLE,True,True,-0.1021443841905072,-0.25661730543182765,0.15447292124132045,-0.24470703960302262,-0.11164705265490826,-0.09477608890752516,0.03632738298277811,0.15641424974560666,0.024465417523481015,0.4516002251585328,"(-0.2,0.2]",Q4,0.0,False
72,5,TUMBLE,True,True,-0.12905657251958408,0.09014239109832566,-0.21919896361790975,-0.17547584028768307,-0.19005021473109196,-0.11064747782025808,0.006283469053565457,0.1617829525843911,0.02617372374692334,0.4516002251585328,"(-0.2,0.2]",Q4,0.0,False
72,6,TUMBLE,True,True,-0.039290748378453075,0.19498291972670517,-0.23427366810515826,0.07630972997659256,-0.027218069383991038,-0.052771836907187966,-0.05829057711998466,0.12225710467290118,0.014946799643000717,0.32403949224628925,"(-0.2,0.2]",Q4,0.0,False
72,7,TUMBLE,True,True,0.016047522352987897,-0.1021443841905072,0.1181919065434951,0.10022118280200648,0.10621142404916935,0.034924718693447696,-0.029501715893538054,0.11506656390055137,0.013240314127879672,0.32403949224628925,"(-0.2,0.2]",Q3,0.0,False
72,8,TUMBLE,True,True,0.2392962813001811,-0.12905657251958408,0.3683528538197652,0.25091789431291367,0.29006288081519754,0.3029073269840702,0.08279854258539486,0.13123046786054327,0.017221435694897078,0.3683528538197652,"(0.2,1]",Q4,0.0,False
72,9,TUMBLE,True,True,0.09406787715671773,-0.039290748378453075,0.1333586255351708,-0.03360402466986677,0.02205019206514576,0.07231875646793477,0.07248359290312377,0.12490916704799565,0.015602300012624082,0.3683528538197652,"(-0.2,0.2]",Q4,0.0,False
72,10,TUMBLE,True,True,-0.024469413019969098,0.016047522352987897,-0.040516935372956996,-0.19115149224841851,-0.14093997328993133,-0.1019996461278275,0.010766302552069788,0.10216864069155611,0.010438431140760296,0.2785870296786342,"(-0.2,0.2]",Q3,0.0,False
72,11,TUMBLE,True,True,-0.03130332555909542,0.2392962813001811,-0.27059960685927653,-0.06610255762746975,-0.13426824070473867,-0.11253889250657484,-0.035846739014431674,0.10070043040250594,0.010140576683249943,0.27059960685927653,"(-0.2,0.2]",Q3,0.0,False
72,12,TUMBLE,True,True,0.060890865783693585,0.09406787715671773,-0.033177011373024146,0.08877723507322585,0.04812581959114251,-0.008506989185764993,-0.048218203374878824,0.09847209971969181,0.009696754423204928,0.27059960685927653,"(-0.2,0.2]",Q3,0.0,False
72,13,TUMBLE,True,True,0.05024419954577366,-0.024469413019969098,0.07471361256574276,0.03545042943347458,0.04853815714423064,0.025447698455436957,-0.0002287076418225592,0.04938363257863981,0.0024387431666620957,0.12537120271581315,"(-0.2,0.2]",Q1,0.0,False
72,14,RUN,True,True,-0.031060983967508574,-0.03130332555909542,0.00024234159158684904,-0.08662851663224219,-0.05767156389096585,-0.044901565655109256,0.006836438320979016,0.04161129933396298,0.001731500232260668,0.092194191342789,"(-0.2,0.2]",Q1,0.0,False
72,15,TUMBLE,True,True,0.24351644666419292,0.060890865783693585,0.18262558088049935,0.23392483887506038,0.21682508621020669,0.2313237577134771,0.04576876946953744,0.10038999760008264,0.010078151618144598,0.27481977222328835,"(0.2,1]",Q3,0.0,False
72,16,RUN,True,True,0.18697460315468498,0.05024419954577366,0.1367304036089113,0.0807468718063428,0.09940804907386565,0.10607697114814708,0.04454397218604019,0.09931905480236793,0.009864274646835763,0.2745774306317015,"(-0.2,0.2]",Q3,0.0,False
72,17,RUN,True,True,0.15305368146333764,-0.031060983967508574,0.1841146654308462,-0.06219184344610129,0.019910326179547883,0.040635115114051906,0.04236545509573215,0.0985071166545674,0.009703652031596552,0.2745774306317015,"(-0.2,0.2]",Q3,0.0,False
72,18,TUMBLE,True,True,0.10266917603883874,0.24351644666419292,-0.14084727062535418,-0.06734496627017256,-0.09184573438856644,-0.035451760789838,0.017699755481183944,0.09310839410930895,0.008669173053614396,0.2745774306317015,"(-0.2,0.2]",Q2,0.0,False
72,19,TUMBLE,True,True,0.00911788449300547,0.18697460315468498,-0.1778567186616795,-0.11874354425808273,-0.13844793572594832,-0.1624355923372581,-0.055310255145822135,0.07951355458654724,0.006322405362987828,0.23439856217118746,"(-0.2,0.2]",Q2,0.0,True
73,0,TUMBLE,True,False,,,,,,,,,,,,,0.0,False
73,1,TUMBLE,True,True,-0.047148277130360496,-0.047148277130360496,0.0,,,,-0.06573694557958996,0.03286847278979499,0.0010803365035334936,0.06573694557958998,,Q1,0.0,False
73,2,TUMBLE,True,True,0.15720145309863737,-0.047148277130360496,0.20434973022899786,0.17148125743920287,,,0.06930639232470391,0.08517541528911661,0.00725485136967348,0.20434973022899786,,Q2,0.0,False
73,3,TUMBLE,True,True,-0.06134591339191252,-0.047148277130360496,-0.014197636261552023,-0.11637250137605096,-0.10422652819774797,,-0.003545401529442817,0.08647533028866874,0.00747798274853435,0.2185473664905499,"(-0.2,0.2]",Q2,0.0,False
73,4,TUMBLE,True,True,-0.07662746483255693,-0.047148277130360496,-0.029479187702196437,-0.12455523468591936,-0.09286321902467838,-0.09345144758895539,-0.020462990282512483,0.08590514471126211,0.0073796938878628844,0.2338289179311943,"(-0.2,0.2]",Q2,0.0,False
73,5,TUMBLE,True,True,0.05307233513732653,0.15720145309863737,-0.10412911796131083,0.12205902424956125,0.046662976845937225,0.06005238570137467,-0.0033387693395820167,0.08861206819443027,0.00785209862969436,0.2338289179311943,"(-0.2,0.2]",Q2,0.0,False
73,6,TUMBLE,True,True,0.22842317623169917,-0.06134591339191252,0.2897690896236117,0.24020074107931436,0.2567235239274135,0.21034807372882555,0.02568616947953624,0.11937694203236147,0.014250854288997791,0.3050506410642561,"(0.2,1]",Q3,0.0,False
73,7,RUN,True,True,0.04510364218477024,-0.07662746483255693,0.12173110701732717,-0.0956441134997426,-0.02318570666071934,0.009223108898631177,0.05179497522176215,0.10913048297141661,0.011909462313574651,0.3050506410642561,"(-0.2,0.2]",Q3,0.0,False
73,8,TUMBLE,True,True,-0.2142794918567051,0.05307233513732653,-0.26735182699403165,-0.35104290106493985,-0.3231458763746371,-0.27677241403701486,-0.028327274700085236,0.14735049450115026,0.021712168229733514,0.4427026680884043,"(-1,-0.2]",Q4,0.0,False
73,9,TUMBLE,True,True,0.19270901946563537,0.22842317623169917,-0.03571415676606379,0.2772969443016028,0.1729599106123806,0.16462910404136266,-0.01634292994317865,0.15586669065739375,0.024294425256487676,0.4427026680884043,"(-0.2,0.2]",Q4,0.0,False
73,10,RUN,True,True,0.033426521900751606,0.04510364218477024,-0.011677120284018634,0.044211758096286476,0.025582131969518113,-0.029562564605598314,-0.02423879313810302,0.15626426904261542,0.024418521779422896,0.4427026680884043,"(-0.2,0.2]",Q4,0.0,False
73,11,TUMBLE,True,True,-0.05314890328652442,-0.2142794918567051,0.1611305885701807,-0.1662166739697179,-0.05710091978975171,-0.06738882621013745,0.005120092281486722,0.13343615643249765,0.017805207843477985,0.4069885113223405,"(-0.2,0.2]",Q4,0.0,False
73,12,TUMBLE,True,True,-0.05031774966685424,0.19270901946563537,-0.2430267691324896,-0.040456558973967834,-0.10797996236014176,-0.0399945362226436,0.008206556162754224,0.13255035307353105,0.017569596099917744,0.4069885113223405,"(-0.2,0.2]",Q4,0.0,False
73,13,TUMBLE,True,True,-0.03020823999484893,0.033426521900751606,-0.06363476189560054,0.0215250864818404,-0.006861529643973248,-0.06087546209810101,-0.05295787904885746,0.09253488408626197,0.008562704772857938,0.24585792275215979,"(-0.2,0.2]",Q2,0.0,False
73,14,RUN,True,True,0.011381834801669374,-0.05314890328652442,0.06453073808819379,0.051644829632520955,0.05594013245107857,0.03644392756353837,-0.002114871090648905,0.03445764325269908,0.0011873291785302784,0.08657542518727603,"(-0.2,0.2]",Q1,0.0,False
73,15,TUMBLE,True,True,-0.05830871395811568,-0.05031774966685424,-0.007990964291261442,-0.0488955113615259,-0.03526066233810442,-0.027735449421476127,0.005137996312534113,0.025594030105143897,0.0006550543770230122,0.06969054875978506,"(-0.2,0.2]",Q1,0.0,False
73,16,TUMBLE,True,True,0.03979720533764805,-0.03020823999484893,0.07000544533249697,0.0632606449158712,0.06550891172141313,0.07166042254218542,0.015212943604573783,0.03747260457099289,0.0014041960933339973,0.09810591929576373,"(-0.2,0.2]",Q1,0.0,False
73,17,TUMBLE,True,True,-0.03137987635236911,0.011381834801669374,-0.042761711154038484,-0.02212412204213529,-0.02900331841276969,-0.02204539789895731,0.0026072097820938347,0.03483124260202327,0.0012132154612010007,0.09810591929576373,"(-0.2,0.2]",Q1,0.0,False
73,18,TUMBLE,True,True,0.07615940433232898,-0.05830871395811568,0.13446811829044467,0.07195073983968951,0.09278986598994123,0.08578679187512082,0.01564839766670657,0.04819692737937257,0.002322943808812513,0.13446811829044467,"(-0.2,0.2]",Q1,0.0,False
73,19,RUN,True,True,-0.055449446963522164,0.03979720533764805,-0.09524665230117021,-0.0778392109535021,-0.0836416914027248,-0.062016451803395226,0.004208073298386804,0.054171958076923946,0.0029346010418880054,0.13446811829044467,"(-0.2,0.2]",Q1,0.0,True
74,0,TUMBLE,True,False,,,,,,,,,,,,,0.0,False
74,1,TUMBLE,True,True,0.4038967824915526,0.4038967824915526,0.0,,,,0.29352205473158866,0.14676102736579438,0.021538799153463448,0.29352205473158877,,Q4,0.0,False
74,2,RUN,True,True,0.20289213994499405,0.4038967824915526,-0.20100464254655853,-0.05424361518076415,,,0.04625870609251518,0.12252779027022506,0.015013059388504259,0.29352205473158877,,Q4,0.0,False
74,3,RUN,True,True,0.07572294613209776,0.4038967824915526,-0.32817383635945485,-0.22767151508617553,-0.1633316039334057,,-0.03049599874301566,0.1275216528654124,0.01626177194952674,0.32817383635945485,"(-0.2,0.2]",Q4,0.0,False
74,4,TUMBLE,True,True,-0.021525063802599206,0.4038967824915526,-0.4254218462941518,-0.16083260684114514,-0.24902901999214733,-0.21974671288475123,-0.05919734194845807,0.14399859864389628,0.020735596411405925,0.4254218462941518,"(-1,-0.2]",Q4,0.0,False
74,5,TUMBLE,True,True,0.022418919393182038,0.20289213994499405,-0.18047322055181203,-0.00468002177156724,-0.06327775469831551,-0.14282778179832922,-0.09873729299443346,0.15335517955723343,0.023517811097031306,0.4254218462941518,"(-0.2,0.2]",Q4,0.0,False
74,6,TUMBLE,True,True,0.04157237864821057,0.07572294613209776,-0.034150567483887194,0.04112545085291915,0.016033444740650372,-0.028304856768708093,-0.037594354933248274,0.07612455734670563,0.005794948231231874,0.22441720374759327,"(-0.2,0.2]",Q2,0.0,False
74,7,TUMBLE,True,True,0.05036124863500695,-0.021525063802599206,0.07188631243760615,0.01836559961431064,0.036205837222075814,0.020813953542284158,0.001237404745662811,0.03250405973512005,0.0010565138992642525,0.09724800993469697,"(-0.2,0.2]",Q1,0.0,False
74,8,TUMBLE,True,True,0.05150778865079403,0.022418919393182038,0.02908886925761199,0.005540975009185267,0.013390273091994177,0.02830091793234394,0.01740080341486114,0.027265261852732436,0.0007433945038980666,0.07303285245339323,"(-0.2,0.2]",Q1,0.0,False
74,9,TUMBLE,True,True,0.07134818508350783,0.04157237864821057,0.029775806435297265,0.020413666440607346,0.023534379772170648,0.02988310125170944,0.0107793941383235,0.01585664121195723,0.00025143307052474047,0.048929265690325796,"(-0.2,0.2]",Q1,0.0,False
74,10,TUMBLE,True,True,-0.04551541405870793,0.05036124863500695,-0.09587666269371488,-0.10694340092585886,-0.10325448818181088,-0.09921281431308777,-0.015318864896533604,0.04086327612851137,0.0016698073359549673,0.11686359914221577,"(-0.2,0.2]",Q1,0.0,False
74,11,RUN,True,True,-0.055096769273437304,0.05150778865079403,-0.10660455792423133,-0.06801315478583725,-0.08087695583196862,-0.08702222135108753,-0.030793923852639044,0.05354041414309521,0.0028665759466141496,0.12644495435694514,"(-0.2,0.2]",Q1,0.0,False
74,12,TUMBLE,True,True,-0.10863142544922542,0.07134818508350783,-0.17997961053273326,-0.05832533378315281,-0.0988767593663463,-0.11419237304976458,-0.0446723382556984,0.0680575412500876,0.0046318289210073756,0.17997961053273326,"(-0.2,0.2]",Q2,0.0,False
74,13,RUN,True,True,-0.06545347216854945,-0.04551541405870793,-0.01993805810984152,0.016410625192781914,0.004294397425240765,-0.03097961624408374,-0.03367193258946321,0.06002109519168807,0.003602531868009681,0.17997961053273326,"(-0.2,0.2]",Q1,0.0,False
74,14,RUN,True,True,0.026158032622665597,-0.055096769273437304,0.0812548018961029,0.11320048143155303,0.10255192158640299,0.09483230286014563,0.01329901904676349,0.043639801735023215,0.0019044322954721352,0.13478945807189102,"(-0.2,0.2]",Q1,0.0,False
74,15,TUMBLE,True,True,0.1220958009828947,-0.10863142544922542,0.23072722643212012,0.14174352075583663,0.17140475598126445,0.17285170955003135,0.0489174598584555,0.08173415693172727,0.00668047240934022,0.23072722643212012,"(-0.2,0.2]",Q2,0.0,False
74,16,TUMBLE,True,True,0.16089416429105086,-0.06545347216854945,0.22634763645960032,0.08676724748827071,0.13329404381204724,0.1673519302941045,0.07266004526319968,0.10384131624158298,0.010783018958784444,0.2695255897402763,"(-0.2,0.2]",Q3,0.0,False
74,17,RUN,True,True,0.16032930002737006,0.026158032622665597,0.13417126740470448,0.018834317390397287,0.05727996739516633,0.09940566859535463,0.05863016760602242,0.08811486878141868,0.007764230100366632,0.22634763645960032,"(-0.2,0.2]",Q2,0.0,False
74,18,TUMBLE,True,True,-0.08555185226368005,0.1220958009828947,-0.20764765324657475,-0.2461635844228905,-0.2333249406974519,-0.20292117674467536,-0.01851862707282158,0.09489300680153363,0.009004682739835908,0.24644601655473092,"(-1,-0.2]",Q3,0.0,False
74,19,TUMBLE,True,True,0.10211658615615475,0.16089416429105086,-0.058777578134896105,0.06472786227430974,0.0235593821379078,0.012674732896745866,-0.028640444620821073,0.09159482432853489,0.008389611843775166,0.24644601655473092,"(-0.2,0.2]",Q2,0.0,True
75,0,TUMBLE,True,False,,,,,,,,,,,,,1.0,True
76,0,TUMBLE,True,False,,,,,,,,,,,,,1.0,True
77,0,TUMBLE,True,False,,,,,,,,,,,,,0.0,False
77,1,RUN,True,True,0.45933508547952023,0.45933508547952023,0.0,,,,0.033728065400518314,0.016864032700259185,0.0002843955989154111,0.03372806540051837,,Q1,1.0,True
78,0,TUMBLE,True,False,,,,,,,,,,,,,1.0,True
79,0,TUMBLE,True,False,,,,,,,,,,,,,0.0,False
79,1,RUN,True,True,0.32035105251117524,0.32035105251117524,0.0,,,,0.08335804811485023,0.04167902405742516,0.001737141046379425,0.08335804811485031,,Q1,0.0,False
79,2,RUN,True,True,0.4787441741570007,0.32035105251117524,0.15839312164582547,0.20007214570325066,,,0.12087558488033788,0.10026662968244113,0.010053397027875784,0.2417511697606758,,Q3,0.0,False
79,3,TUMBLE,True,True,0.6101611106468611,0.32035105251117524,0.28981005813568583,0.21061349731277312,0.26479836695869413,,0.12778974403974336,0.14383047524918074,0.020687205610405195,0.37316810625053615,"(0.2,1]",Q4,1.0,True
80,0,TUMBLE,True,False,,,,,,,,,,,,,0.0,False
80,1,TUMBLE,True,True,0.15591784158069694,0.15591784158069694,0.0,,,,0.036000949027211765,0.018000474513605903,0.00032401708271497567,0.03600094902721181,,Q1,0.0,False
80,2,RUN,True,True,0.08510529312340577,0.15591784158069694,-0.07081254845729117,-0.05281207394368527,,,-0.0174057997150397,0.028910461014726937,0.0008358147560840461,0.07081254845729117,,Q1,0.0,False
80,3,TUMBLE,True,True,0.2308590512648681,0.15591784158069694,0.07494120968417117,0.11034748391281676,0.11054570884567216,,0.026201392767685752,0.05402015729428282,0.0029181773940990573,0.14575375814146235,"(-0.2,0.2]",Q1,0.0,False
80,4,TUMBLE,True,True,0.13405855685148926,0.15591784158069694,-0.021859284729207673,-0.02392361534264767,-0.02323550513816766,-0.013891212779124723,0.01032245382801793,0.04863554710368983,0.0023654164420752323,0.14575375814146235,"(-0.2,0.2]",Q1,0.0,False
80,5,TUMBLE,True,True,0.024022891893211086,0.08510529312340577,-0.061082401230194684,-0.1584359121649676,-0.12598474185337663,-0.12746229381190394,-0.021483663564688813,0.06932120249880849,0.004805429115880813,0.20683615937165703,"(-0.2,0.2]",Q2,0.0,False
80,6,TUMBLE,True,True,-0.23965270331031774,0.2308590512648681,-0.47051175457518585,-0.3186934276826679,-0.36929953664684056,-0.3581641515935613,-0.08563521522391038,0.15845062484015232,0.025106600512234695,0.47051175457518585,"(-1,-0.2]",Q4,0.0,False
80,7,TUMBLE,True,True,-0.10392413340936076,0.13405855685148926,-0.23798269026085,0.003890772299192574,-0.07673371522082162,-0.14124608258417343,-0.10432776295102648,0.16713274297416766,0.02793335377406919,0.47051175457518585,"(-0.2,0.2]",Q4,0.0,False
80,8,TUMBLE,True,True,0.29743148242964906,0.024022891893211086,0.27340859053643796,0.4692199007894883,0.40394946403847154,0.3438053294233936,0.019879882585374747,0.18587199283420422,0.03454839772015846,0.5370841857399669,"(0.2,1]",Q4,0.0,False
80,9,RUN,True,True,0.3393802457295967,-0.23965270331031774,0.5790329490399144,0.24262657121945252,0.3547620304929398,0.3449108613288013,0.11677988934127374,0.22464402095692515,0.05046493615169543,0.5790329490399144,"(0.2,1]",Q4,0.0,False
80,10,TUMBLE,True,True,0.21264145020319664,-0.10392413340936076,0.3165655836125574,-0.10576441387642627,0.03501225195323496,0.13933272734330482,0.1347892686165986,0.23061322311539514,0.05318245867567102,0.5790329490399144,"(-0.2,0.2]",Q4,0.0,False
80,11,TUMBLE,True,True,0.2784320765221142,0.29743148242964906,-0.01899940590753485,0.0024212285557175806,-0.004718982932033267,0.09204981528384382,0.06799223876364974,0.15967854919121324,0.025497239071810708,0.4433043791389574,"(-0.2,0.2]",Q4,0.0,False
80,12,RUN,True,True,0.07261989328582108,0.3393802457295967,-0.2667603524437756,-0.17291687007683434,-0.20419803086581473,-0.20935142043531807,-0.05105713474951383,0.09318408904619183,0.008683274451368607,0.2667603524437756,"(-1,-0.2]",Q2,0.0,False
80,13,TUMBLE,True,True,0.0844137086983222,0.21264145020319664,-0.12822774150487443,-0.09111227620564545,-0.10348409797205509,-0.14135470773685993,-0.06499546309799246,0.10515970611803711,0.011058563790831932,0.2667603524437756,"(-0.2,0.2]",Q3,0.0,False
80,14,TUMBLE,True,True,0.10740382728773423,0.2784320765221142,-0.17102824923437998,0.028887026295662588,-0.03775139888101828,-0.05462295488962929,-0.040449361365471656,0.08064285695296342,0.00650327037753612,0.20581218323629313,"(-0.2,0.2]",Q2,0.0,False
80,15,TUMBLE,True,True,0.003694135795075878,0.07261989328582108,-0.0689257574907452,-0.09221463219795234,-0.08445167396221663,-0.13202324065342205,-0.05146919474521637,0.09135273422002327,0.00834532204947421,0.27473794072703833,"(-0.2,0.2]",Q2,0.0,False
80,16,RUN,True,True,0.06383470923554306,0.0844137086983222,-0.020578999462779135,0.008285727694138004,-0.0013358480248343851,-0.00319818203119529,-0.009828994100380236,0.03459219715688903,0.0011966201041410814,0.10370969149265835,"(-0.2,0.2]",Q1,0.0,False
80,17,TUMBLE,True,True,0.046339982591936134,0.10740382728773423,-0.0610638446957981,0.012575560076626663,-0.011970908180848262,-0.018496612662232716,-0.011971657026496331,0.035237299788965455,0.001241667296417425,0.10370969149265835,"(-0.2,0.2]",Q1,0.0,False
80,18,RUN,True,True,-0.056929882555870684,0.003694135795075878,-0.060624018350946565,-0.11201722846961028,-0.09488615843005571,-0.11224804628344301,-0.028602157289034966,0.05587628299722728,0.0031221590015862305,0.1643337098436049,"(-0.2,0.2]",Q1,0.0,False
80,19,RUN,True,True,0.3091212520462764,0.06383470923554306,0.2452865428107333,0.31441620202824366,0.29137298228907355,0.2948865157796053,0.04900896407109871,0.12508625595283165,0.015646571428297312,0.36605113460214705,"(0.2,1]",Q4,0.0,True
81,0,TUMBLE,True,False,,,,,,,,,,,,,0.0,False
81,1,TUMBLE,True,True,0.06108142158223951,0.06108142158223951,0.0,,,,0.13569858811185403,0.06784929405592703,0.004603526703887655,0.13569858811185406,,Q2,0.0,False
81,2,TUMBLE,True,True,0.010946205380881507,0.06108142158223951,-0.050135216201358,0.017714077854569025,,,0.04278168595524804,0.05602453562879729,0.003138748592422377,0.13569858811185406,,Q1,0.0,False
81,3,RUN,True,True,0.029077454042075814,0.06108142158223951,-0.0320039675401637,-0.006936359439484691,0.029940633897573656,,0.02609486455137132,0.05022095415737472,0.0025221442364771335,0.13569858811185406,"(-0.2,0.2]",Q1,0.0,False
81,4,TUMBLE,True,True,-0.11397828820672945,0.06108142158223951,-0.17505970978896895,-0.1339901179182081,-0.1476799818751284,-0.12060026682562502,-0.011072621089439337,0.06591527354511713,0.004344823286527618,0.17505970978896895,"(-0.2,0.2]",Q2,0.0,False
81,5,TUMBLE,True,True,0.203902288075677,0.010946205380881507,0.1929560826947955,0.24635270515800384,0.22855383100360105,0.20712058987606016,0.016071723939926393,0.10194609274064928,0.010393005825085063,0.31788057628240646,"(0.2,1]",Q3,0.0,False
81,6,TUMBLE,True,True,-0.06534658519997785,0.029077454042075814,-0.09442403924205367,-0.11030858513445163,-0.10501373650365231,-0.09783350002295407,0.0022239252871882483,0.10859836780852092,0.011793605490674793,0.31788057628240646,"(-0.2,0.2]",Q3,0.0,False
81,7,TUMBLE,True,True,-0.05096220566975167,-0.11397828820672945,0.06301608253697778,-0.12024005710760124,-0.059154677226074905,-0.06437592284751305,-0.01114476164169034,0.11160516485877787,0.012455712823154988,0.31788057628240646,"(-0.2,0.2]",Q3,0.0,False
81,8,RUN,True,True,0.03949371169690838,0.203902288075677,-0.16440857637876863,0.09764810713177313,0.010295879294925883,0.046089909447103866,0.005207950606184712,0.11221399232920264,0.012591980074458348,0.31788057628240646,"(-0.2,0.2]",Q3,0.0,False
81,9,RUN,True,True,-0.17172684223497034,-0.06534658519997785,-0.10638025703499249,-0.1659925952485487,-0.14612181584402995,-0.2034986444606843,-0.06464179637244084,0.12577343751469006,0.015818957584261644,0.3756291303106474,"(-0.2,0.2]",Q4,0.0,False
81,10,RUN,True,True,0.1828847517302447,-0.05096220566975167,0.2338469573999964,0.2490013169992757,0.24394986379951591,0.2450202320821926,0.037569803729522636,0.11874497365449786,0.014100368768207392,0.354611593965215,"(0.2,1]",Q3,0.0,False
81,11,TUMBLE,True,True,0.01264706687549752,0.03949371169690838,-0.02684664482141086,0.007068112127860335,-0.004236806855230063,0.012724712994889753,0.027060958512383472,0.11595115434588364,0.013444670194142931,0.354611593965215,"(-0.2,0.2]",Q3,1.0,True
82,0,RUN,True,False,,,,,,,,,,,,,0.0,False
82,1,TUMBLE,True,True,0.11251704471649025,0.11251704471649025,0.0,,,,0.15267199235578569,0.07633599617789286,0.005827184312471273,0.1526719923557857,,Q2,0.0,False
82,2,TUMBLE,True,True,0.08354645146220394,0.11251704471649025,-0.028970593254286317,0.04736540292360654,,,0.06185069955074972,0.06620680450348054,0.004383340962562091,0.1526719923557857,,Q2,0.0,False
82,3,RUN,True,True,-0.03302090753094321,0.11251704471649025,-0.14553795224743346,-0.13105265562029028,-0.08499042371074278,,-0.0007568472929229567,0.06813140241398412,0.004641887994896241,0.1526719923557857,"(-0.2,0.2]",Q2,0.0,False
82,4,RUN,True,True,0.04324506675478297,0.11251704471649025,-0.06927197796170728,0.017982294789152607,-0.011102462794467347,0.012523156502669091,0.0021262076540723477,0.06114411752346621,0.003738603107723448,0.1526719923557857,"(-0.2,0.2]",Q1,0.0,False
82,5,TUMBLE,True,True,-0.06179068443756637,0.08354645146220394,-0.14533713589977032,-0.06690276404948625,-0.0930475546662476,-0.11336259828819985,-0.03889168430155342,0.06669756336794407,0.004448564959220914,0.17430772915405662,"(-0.2,0.2]",Q2,0.0,False
82,6,RUN,True,True,-0.027226638938065616,-0.03302090753094321,0.0057942685928775925,-0.017953830096673916,-0.010037797200156746,-0.035221620500184944,-0.025031595770716224,0.053843078455442665,0.0028990770975589543,0.14533713589977032,"(-0.2,0.2]",Q1,0.0,False
82,7,TUMBLE,True,True,0.10774681532171955,0.04324506675478297,0.06450174856693658,0.15225547700953554,0.12300423419533589,0.1274451063596676,0.021106374001247694,0.061581828671578444,0.003792321622535641,0.16953749975928592,"(-0.2,0.2]",Q1,0.0,False
82,8,TUMBLE,True,True,0.16356998548029156,-0.06179068443756637,0.22536066991785791,0.12330989728846459,0.15732682149826238,0.14807634580507392,0.0410187337210303,0.08321053110005996,0.0069239924859540464,0.22536066991785791,"(-0.2,0.2]",Q2,0.0,False
82,9,TUMBLE,True,True,0.02014557175794738,-0.027226638938065616,0.047372210696012995,-0.11551282864305817,-0.06121781553003445,-0.025429297598647406,0.03546691368093847,0.0838247450180768,0.007026587877345591,0.22536066991785791,"(-0.2,0.2]",Q2,0.0,False
82,10,TUMBLE,True,True,0.09261420107371171,0.10774681532171955,-0.015132614248007839,0.0007564224545922454,-0.004539923112941116,0.026555267668238486,0.015208043645978254,0.06726167609179001,0.004524133070676876,0.19079662441835718,"(-0.2,0.2]",Q2,0.0,False
82,11,TUMBLE,True,True,0.061046814015438475,0.16356998548029156,-0.10252317146485308,0.004666927599608933,-0.0310631054218784,-0.034972329392979076,-0.016435578701914193,0.047848716009865594,0.002289499623792768,0.14342441372234419,"(-0.2,0.2]",Q1,0.0,False
82,12,RUN,True,True,0.07180470613170667,0.02014557175794738,0.05165913437375929,-0.00502580141286843,0.013869177182674157,-0.012539436950140606,-0.014262931643967882,0.04719139762247262,0.0022270280095623143,0.14342441372234419,"(-0.2,0.2]",Q1,0.0,False
82,13,TUMBLE,True,True,-0.1705621162463679,0.09261420107371171,-0.2631763173200796,-0.23698787631994048,-0.2457173566533202,-0.23196493949106897,-0.04022248709506355,0.09574008913602393,0.009166164667773808,0.2631763173200796,"(-1,-0.2]",Q3,0.0,False
82,14,TUMBLE,True,True,0.050981811947201694,0.061046814015438475,-0.01006500206823678,0.10036051700453232,0.06355201064694262,0.037255910703579455,-0.03148737085148264,0.09685892412074533,0.009381651181828302,0.2631763173200796,"(-0.2,0.2]",Q3,0.0,False
82,15,TUMBLE,True,True,0.08574906434808995,0.07180470613170667,0.013944358216383276,0.14553921649767304,0.10167426373724313,0.08243126038609522,0.0028581606480797884,0.09588024700688554,0.009193021766101383,0.25631118059445784,"(-0.2,0.2]",Q3,0.0,False
82,16,TUMBLE,True,True,0.1031650718382284,-0.1705621162463679,0.2737271880845963,0.03479963369058259,0.1144421518219205,0.0936717052930708,0.031903191200750115,0.10085476009753792,0.010171682634331929,0.2737271880845963,"(-0.2,0.2]",Q3,0.0,False
82,17,RUN,True,True,0.08602002369104957,0.050981811947201694,0.03503821174384787,-0.008437044402109614,0.006054707646542895,0.06868656571926153,0.05653475397658617,0.10223404043568386,0.010451799023805042,0.2737271880845963,"(-0.2,0.2]",Q3,0.0,False
82,18,TUMBLE,True,True,0.05391948456710638,0.08574906434808995,-0.031829579780983566,-0.04067306319753261,-0.03772523539201626,-0.027559508389036022,0.0006146304582768964,0.020232843293596318,0.0004093679477432255,0.052183259891026706,"(-0.2,0.2]",Q1,0.0,False
82,19,TUMBLE,True,True,0.1863243366500208,0.1031650718382284,0.0831592648117924,0.11635458252094283,0.10528947661789267,0.10411092553890222,0.015190495733273964,0.04458200839554258,0.0019875554725802286,0.13240485208291441,"(-0.2,0.2]",Q1,0.0,True
83,0,TUMBLE,True,False,,,,,,,,,,,,,0.0,False
83,1,TUMBLE,True,True,0.21639228243869912,0.21639228243869912,0.0,,,,0.17984611577588405,0.08992305788794205,0.008086156339918178,0.1798461157758841,,Q2,0.0,False
83,2,TUMBLE,True,True,0.24214571215382602,0.21639228243869912,0.025753429715126896,0.11567648760306895,,,0.10279977274550552,0.09145675213993831,0.008364337511986111,0.205599545491011,,Q2,0.0,False
83,3,RUN,True,True,-0.07214093259016213,0.21639228243869912,-0.28853321502886126,-0.3014099298864247,-0.2371689863419422,,-0.030030786804380472,0.1296918064083142,0.016819964649451652,0.31428664474398815,"(-1,-0.2]",Q4,0.0,False
83,4,TUMBLE,True,True,0.0791757309231404,0.21639228243869912,-0.13721655151555873,-0.005826658858691547,-0.04962328974431393,-0.02656007624315411,-0.02032740865082104,0.11648537137155063,0.013568841743568066,0.31428664474398815,"(-0.2,0.2]",Q3,0.0,False
83,5,TUMBLE,True,True,0.053084655504978484,0.24214571215382602,-0.18906105664884754,0.04956725633848935,-0.029975514657289606,-0.06330854272639737,-0.04895852350981267,0.11484785346126744,0.01319002944466076,0.31428664474398815,"(-0.2,0.2]",Q3,0.0,False
83,6,TUMBLE,True,True,-0.10106913137270804,-0.07214093259016213,-0.028928198782545905,-0.16719932458676748,-0.12110894931869362,-0.17663542287065373,-0.05612040989579277,0.12251092811166144,0.015008927506780676,0.3432148435265341,"(-0.2,0.2]",Q4,0.0,False
83,7,TUMBLE,True,True,-0.1466471388162689,0.0791757309231404,-0.2258228697394093,-0.12265490088240412,-0.15704422383473918,-0.13640971943258107,-0.032925727474806175,0.08828695340841496,0.0077945861421396334,0.2258228697394093,"(-0.2,0.2]",Q2,0.0,False
83,8,TUMBLE,True,True,0.03966103120684457,0.053084655504978484,-0.013423624298133915,0.16351916630133304,0.10453823610151072,0.06852500214705909,-0.027876119375383906,0.09080876072095787,0.00824623102367618,0.2258228697394093,"(-0.2,0.2]",Q2,0.0,False
83,9,TUMBLE,True,True,0.01822246310542392,-0.10106913137270804,0.11929159447813195,0.07171551691013608,0.08757420943280136,0.05696510897471239,0.007100577778044335,0.08087444486671004,0.006540675832498522,0.19973179432124738,"(-0.2,0.2]",Q2,0.0,False
83,10,TUMBLE,True,True,-0.061874169696477424,-0.1466471388162689,0.08477296911979147,-0.09081591685261167,-0.03228628819514395,-0.014415975727300315,0.024325952527415404,0.07040247692108925,0.0049565087566245045,0.18630817002311345,"(-0.2,0.2]",Q2,0.0,False
83,11,TUMBLE,True,True,0.07175480723401115,0.03966103120684457,0.03209377602716658,0.0935806605295379,0.07308503236208079,0.10941426078413061,0.033526869119723815,0.0789216045962335,0.006228619672044224,0.21840194605028004,"(-0.2,0.2]",Q2,0.0,False
83,12,RUN,True,True,0.12087947185201325,0.01822246310542392,0.10265700874658934,0.1159391530832464,0.11151177163769405,0.1039384388895627,0.021596922541892452,0.06062472377922651,0.003675357133307512,0.18275364154849066,"(-0.2,0.2]",Q1,0.0,False
83,13,TUMBLE,True,True,0.06803095495537112,-0.061874169696477424,0.12990512465184856,-0.02828618458764108,0.02444425182552213,0.030785311831628394,0.0282370625248385,0.061855164257352754,0.0038260613453040895,0.18275364154849066,"(-0.2,0.2]",Q1,0.0,False
83,14,TUMBLE,True,True,-0.23920058990973736,0.07175480723401115,-0.31095539714374854,-0.33365580331342953,-0.3260890012568692,-0.28889835599596686,-0.03583766927051597,0.13046651604612702,0.01702151180921432,0.3600800617617506,"(-1,-0.2]",Q4,0.0,False
83,15,TUMBLE,True,True,-0.013025611835933246,0.12087947185201325,-0.1339050836879465,0.07255920564124987,0.003737775864851082,-0.018391772868847786,-0.05296408999016393,0.12787584230979718,0.016352231046440114,0.3600800617617506,"(-0.2,0.2]",Q4,0.0,False
83,16,RUN,True,True,0.15661729636018892,0.06803095495537112,0.0885863414048178,0.28273039723302423,0.2180157119569554,0.17244624009476048,-0.0009580917774953175,0.1410068005902375,0.019882917812695005,0.3958178862699263,"(0.2,1]",Q4,0.0,False
83,17,RUN,True,True,0.08348278996617368,-0.23920058990973736,0.32268337987591106,0.011686947704045839,0.11535242509466759,0.09037727757370131,0.04267215562915313,0.13629973083759733,0.01857761662640148,0.3958178862699263,"(-0.2,0.2]",Q4,0.0,False
83,18,TUMBLE,True,True,0.12095963795790154,-0.013025611835933246,0.1339852497938348,0.0009095947947202476,0.04526814646109174,0.12399116681272855,0.08168288575373849,0.14223025656016597,0.020229445881170635,0.3958178862699263,"(-0.2,0.2]",Q4,0.0,False
83,19,RUN,True,True,0.42804343963927755,0.15661729636018892,0.27142614327908865,0.32582222567723995,0.3076901982111895,0.3410349115271948,0.08464804445481341,0.14768965242404997,0.021812233433136687,0.4410690514752108,"(0.2,1]",Q4,0.0,True
84,0,TUMBLE,True,False,,,,,,,,,,,,,0.0,False
84,1,TUMBLE,True,True,0.29151452202593264,0.29151452202593264,0.0,,,,0.307431123355445,0.15371556167772255,0.023628473901897724,0.3074311233554451,,Q4,0.0,False
84,2,TUMBLE,True,True,0.14290903369002683,0.29151452202593264,-0.1486054883359058,0.005110073341816734,,,0.07941281750976967,0.12553134584658918,0.01575811879005598,0.3074311233554451,,Q4,0.0,False
84,3,TUMBLE,True,True,0.4620891921601382,0.29151452202593264,0.17057467013420557,0.24487741430215848,0.3225868740313226,,0.12854118921330462,0.17700358389249016,0.0313302687107858,0.47800579348965067,"(0.2,1]",Q4,0.0,False
84,4,TUMBLE,True,True,0.18600391697734642,0.29151452202593264,-0.10551060504858623,-0.11649519594773611,-0.1128336656480195,-0.034145119659299894,0.05744157067479233,0.15890486852225866,0.02525075724007631,0.47800579348965067,"(-0.2,0.2]",Q4,0.0,False
84,5,TUMBLE,True,True,-0.050760862247609284,0.14290903369002683,-0.19366989593763612,-0.3748074168163516,-0.3144282431901131,-0.3213900284609703,-0.06414558852597643,0.16923371117972244,0.028640048999661712,0.5128500544077474,"(-1,-0.2]",Q4,0.0,False
84,6,RUN,True,True,0.2663198789573499,0.4620891921601382,-0.19576931320278834,0.1986983515924813,0.06720912999405806,0.08125955881237434,-0.02660283638731013,0.16698307700993217,0.02788334800770494,0.5128500544077474,"(-0.2,0.2]",Q4,0.0,False
84,7,RUN,True,True,0.1634658078975133,0.18600391697734642,-0.022538109079833113,0.05568629954264301,0.02961149666848431,-0.052447223564293016,-0.051693080654524645,0.1657429588813217,0.027470728418735497,0.5128500544077474,"(-0.2,0.2]",Q4,0.0,False
84,8,TUMBLE,True,True,-0.045251942848897234,-0.050760862247609284,0.0055089193987120505,-0.2601447862763288,-0.17159355105131519,-0.18650912824504728,-0.024828504950736487,0.12871334412351604,0.01656712495545866,0.31708074120495916,"(-0.2,0.2]",Q4,0.0,False
84,9,RUN,True,True,0.3172236946717481,0.2663198789573499,0.050903815714398226,0.25811676214744006,0.18904578000309277,0.23378047423215892,0.042439729203246776,0.15371617722518072,0.023628663140723167,0.3679845569193574,"(-0.2,0.2]",Q4,0.0,False
84,10,TUMBLE,True,True,0.026998080835523186,0.1634658078975133,-0.13646772706199012,-0.10898779507590226,-0.1181477724045982,-0.14844127883390534,-0.032488570946941873,0.137722862297324,0.018967586799367667,0.3624756375206453,"(-0.2,0.2]",Q4,0.0,False
84,11,RUN,True,True,0.07322907914021975,-0.045251942848897234,0.11848102198911699,-0.09888180861341589,-0.02642753174590494,-0.04237983099875209,-0.010822343383016679,0.12498298857003322,0.015620747431897054,0.3624756375206453,"(-0.2,0.2]",Q4,0.0,False
84,12,RUN,True,True,0.2853049829642033,0.3172236946717481,-0.03191871170754479,0.23519140297633184,0.1461546980817063,0.19225525501455487,0.04171192360946727,0.14401851559565196,0.020741332834375046,0.3624756375206453,"(-0.2,0.2]",Q4,0.0,False
84,13,TUMBLE,True,True,0.3679957364480879,0.026998080835523186,0.34099765561256473,0.18872870539587638,0.2394850221347725,0.19230677704516433,0.03598509856813595,0.13728821911554911,0.018848055107919027,0.34099765561256473,"(0.2,1]",Q4,0.0,False
84,14,TUMBLE,True,True,0.5805181716961958,0.07322907914021975,0.5072890925559761,0.25386781199005015,0.3383415721786921,0.39213620184918724,0.14018068390292135,0.20197859497259069,0.04079535282710184,0.5535200908606726,"(0.2,1]",Q4,0.0,False
84,15,TUMBLE,True,True,0.36026511867227945,0.2853049829642033,0.07496013570807614,-0.1139918353998624,-0.05100784503054956,0.033503126110102754,0.0869285267796112,0.16308771228016952,0.026597601896779358,0.5072890925559761,"(-0.2,0.2]",Q4,0.0,False
84,16,TUMBLE,True,True,0.35945503361142167,0.3679957364480879,-0.008540702836666247,-0.11093661157281592,-0.07680464199409937,-0.03906596883376995,0.014056948351862816,0.0995560757831239,0.00991141222533511,0.2952131887319925,"(-0.2,0.2]",Q3,0.0,False
84,17,RUN,True,True,0.2177990513422552,0.5805181716961958,-0.3627191203539406,-0.14206102479959537,-0.21561372331771045,-0.19925946376474102,-0.05214565082964397,0.11613210896289079,0.01348666673216874,0.3627191203539406,"(-1,-0.2]",Q3,0.0,False
84,18,RUN,True,True,0.5999629003885324,0.36026511867227945,0.23969778171625294,0.31133585791169394,0.2874564991798803,0.22045355655799437,-0.010357660994535134,0.14574436497932466,0.021241419923226597,0.3821638490462772,"(0.2,1]",Q4,1.0,True
85,0,RUN,True,False,,,,,,,,,,,,,0.0,False
85,1,TUMBLE,True,True,0.09096313512141065,0.09096313512141065,0.0,,,,0.020597980460214514,0.010298990230107267,0.00010606919975984494,0.020597980460214535,,Q1,0.0,False
85,2,TUMBLE,True,True,0.10935596877357083,0.09096313512141065,0.018392833652160184,0.028691823882267445,,,0.019495407056187367,0.01592641660868709,0.00025365074599346395,0.03899081411237472,,Q1,0.0,False
85,3,TUMBLE,True,True,0.031219079620632584,0.09096313512141065,-0.05974405550077806,-0.06894047232685815,-0.05900900656475995,,-0.009904539146953047,0.029036612146565513,0.0008431248449500759,0.07813688915293825,"(-0.2,0.2]",Q1,0.0,False
85,4,TUMBLE,True,True,0.06605186113428939,0.09096313512141065,-0.024911273987121257,-0.004235663062812325,-0.011127533370915293,-0.009423973409913161,-0.006837064255459149,0.0262432787572929,0.0006887096799329808,0.07813688915293825,"(-0.2,0.2]",Q1,0.0,False
85,5,TUMBLE,True,True,0.16901322876765887,0.10935596877357083,0.05965725999408804,0.12037775839019788,0.10013759225816125,0.094615717605183,0.011279607965321492,0.04602661772248133,0.0021184495389714327,0.13779414914702628,"(-0.2,0.2]",Q1,0.0,False
85,6,RUN,True,True,0.27173262738912746,0.031219079620632584,0.24051354776849487,0.15420008243815334,0.18297123754826716,0.17782259281508953,0.04625474663781394,0.08471363518836263,0.007176399986826991,0.24051354776849487,"(-0.2,0.2]",Q2,0.0,False
85,7,TUMBLE,True,True,0.10781422467010629,0.06605186113428939,0.0417623635358169,-0.11255870340828686,-0.06111834776025227,-0.026689974557820767,0.03588710563537855,0.08478907586672274,0.007189187386332865,0.24051354776849487,"(-0.2,0.2]",Q2,0.0,False
85,8,TUMBLE,True,True,0.3470195756246035,0.16901322876765887,0.17800634685694464,0.15724614959498662,0.16416621534897266,0.19336659013430801,0.05007364248830754,0.10379441066897456,0.01077327968611974,0.2809677144903141,"(-0.2,0.2]",Q3,0.0,False
85,9,TUMBLE,True,True,0.1543033433918064,0.27173262738912746,-0.11742928399732105,-0.07311355675554848,-0.08788546583613935,-0.06959157072106761,0.004586717748377115,0.08695889178693432,0.007561848860811753,0.23920535095449721,"(-0.2,0.2]",Q2,0.0,False
85,10,RUN,True,True,0.09041636667611228,0.10781422467010629,-0.017397857993994015,-0.16024509283209268,-0.11262934788605977,-0.12980107609279865,-0.03161434027043305,0.09918709851865692,0.009838080512549755,0.2566032089484912,"(-0.2,0.2]",Q3,0.0,False
85,11,RUN,True,True,0.10986650008203497,0.3470195756246035,-0.23715307554256854,-0.01249335495192437,-0.0873799284821391,-0.06502187750862215,-0.02524986581246338,0.0949416991962151,0.009013926246264592,0.2566032089484912,"(-0.2,0.2]",Q3,0.0,False
85,12,RUN,True,True,0.3733180299782841,0.1543033433918064,0.2190146865864777,0.2731765965992105,0.25512262659496626,0.1979165835346448,0.0008160065397589646,0.12062502594743099,0.0145503968848184,0.2829016633021718,"(0.2,1]",Q4,0.0,False
85,13,TUMBLE,True,True,0.23401313268820348,0.09041636667611228,0.1435967660120912,-0.007579132341956063,0.04281283377605971,0.052037072656144046,0.04423212418949658,0.1030793678068231,0.010625356067454319,0.2829016633021718,"(-0.2,0.2]",Q3,0.0,False
85,14,TUMBLE,True,True,0.6034165882927082,0.10986650008203497,0.4935500882106732,0.2997510069594644,0.3643507007098673,0.40151308093654947,0.11501470758393599,0.18988647302019862,0.03605687263605062,0.5130002216165959,"(0.2,1]",Q4,1.0,True
86,0,TUMBLE,True,False,,,,,,,,,,,,,0.0,False
86,1,TUMBLE,True,True,0.38617489562938473,0.38617489562938473,0.0,,,,0.032715122122879386,0.016357561061439707,0.0002675698038787285,0.032715122122879414,,Q1,0.0,False
86,2,RUN,True,True,0.20744297795406524,0.38617489562938473,-0.17873191767531948,-0.16237435661387978,,,-0.07300839777622001,0.07770048061828702,0.006037364688312797,0.17873191767531948,,Q2,0.0,False
86,3,TUMBLE,True,True,0.10176712179732961,0.38617489562938473,-0.2844077738320551,-0.19504181499439538,-0.2139254272326555,,-0.09338098728028468,0.11449362468871796,0.013108790094361007,0.2844077738320551,"(-1,-0.2]",Q3,0.0,False
86,4,TUMBLE,True,True,-0.014732353987277264,0.38617489562938473,-0.400907249616662,-0.1693374038629747,-0.24652735244753712,-0.27694354620909845,-0.102079202881962,0.15085976442175753,0.02275866852138818,0.400907249616662,"(-1,-0.2]",Q4,0.0,False
86,5,TUMBLE,True,True,0.2935039992511477,0.20744297795406524,0.08606102129708243,0.2499866153461215,0.19534475066310847,0.12334083890277209,-0.040751712469781695,0.14077328860528882,0.01981711878474794,0.400907249616662,"(-0.2,0.2]",Q4,0.0,False
86,6,TUMBLE,True,True,0.07015257035055358,0.10176712179732961,-0.031614551446776024,-0.06923325228138164,-0.05669368533651309,-0.07684286590326272,-0.008284393775320548,0.10774414483039885,0.011608800745233962,0.3082363532384249,"(-0.2,0.2]",Q3,0.0,False
86,7,TUMBLE,True,True,0.07075827603943222,-0.014732353987277264,0.08549063002670948,-0.1110700087614184,-0.04554979583204245,-0.041914558313506184,0.002286723282203607,0.10223929165494085,0.010452872758104057,0.3082363532384249,"(-0.2,0.2]",Q3,0.0,False
86,8,RUN,True,True,0.09727266632306444,0.2935039992511477,-0.19623133292808323,0.026817243128071544,-0.04753228222398004,-0.007647956590399602,0.00012643174089681415,0.1022772713041325,0.010460640225419125,0.3082363532384249,"(-0.2,0.2]",Q3,0.0,False
86,9,TUMBLE,True,True,0.00454625973322155,0.07015257035055358,-0.06560631061733203,-0.07946921144802678,-0.07484824450446187,-0.1283756182578279,-0.055079538306334136,0.098026550322524,0.00960920456813433,0.28895773951792614,"(-0.2,0.2]",Q3,0.0,False
86,10,TUMBLE,True,True,0.0933764405476585,0.07075827603943222,0.02261816450822629,0.04246697751951551,0.035850706515752444,0.032693997436090555,-0.001976427591200083,0.033275934886185125,0.0011072878425496323,0.0927264065898429,"(-0.2,0.2]",Q1,0.0,False
86,11,TUMBLE,True,True,0.0873396750639861,0.09727266632306444,-0.009932991259078344,0.03837832492354607,0.02227455286267127,0.020851264403141917,0.0029266572273701787,0.034273950870976615,0.0011747037083061187,0.0927264065898429,"(-0.2,0.2]",Q1,0.0,False
86,12,RUN,True,True,0.12332106837039915,0.00454625973322155,0.1187748086371776,0.032963010564576845,0.061566943255443755,0.0526873079534165,0.01348902194254338,0.04023497998935981,0.0016188536147441846,0.1187748086371776,"(-0.2,0.2]",Q1,0.0,False
86,13,TUMBLE,True,True,0.08334921539652974,0.0933764405476585,-0.010027225151128763,-0.021981156320662873,-0.017996512597484846,0.006203354467713418,0.018755053914935704,0.03949932334291375,0.001560196544548051,0.1187748086371776,"(-0.2,0.2]",Q1,0.0,False
86,14,RUN,True,True,-0.02483804923178039,0.0873396750639861,-0.11217772429576649,-0.12817319111524483,-0.12284136884208538,-0.12168464907642376,-0.024041943922633407,0.050658115937478085,0.002566244710334971,0.14815911760217954,"(-0.2,0.2]",Q1,0.0,False
86,15,TUMBLE,True,True,0.011956484901981292,0.12332106837039915,-0.11136458346841785,-0.017299098180393387,-0.048654259943068205,-0.05533649249780235,-0.02989254979261892,0.05428931355877157,0.0029473295666826186,0.14815911760217954,"(-0.2,0.2]",Q1,0.0,False
86,16,TUMBLE,True,True,0.12410154490693079,0.08334921539652974,0.040752329510401045,0.13054232707183033,0.10061232788468724,0.07565436504764834,-0.006983177742148522,0.060175432275015754,0.0036210826494850077,0.1489395941387112,"(-0.2,0.2]",Q1,0.0,False
86,17,TUMBLE,True,True,0.08013193296563956,-0.02483804923178039,0.10496998219741994,0.01210291806118352,0.04305860610659566,0.0314896339722242,0.014250502927693072,0.053734822990422475,0.0028874312018120356,0.1489395941387112,"(-0.2,0.2]",Q1,0.0,False
86,18,TUMBLE,True,True,-0.022691012949806282,0.011956484901981292,-0.03464749785178757,-0.12480775188609146,-0.09475433387465683,-0.0705289913354991,0.0072469520627606535,0.059004726151166295,0.0034815577081741276,0.1489395941387112,"(-0.2,0.2]",Q1,0.0,False
86,19,TUMBLE,True,True,0.14810516977002558,0.12410154490693079,0.02400362486309479,0.11938470976210894,0.08759101479577089,0.09973043231383924,0.01255048118793515,0.06492553601901287,0.004215325227356137,0.17079618271983185,"(-0.2,0.2]",Q2,0.0,True
87,0,TUMBLE,True,False,,,,,,,,,,,,,0.0,False
87,1,TUMBLE,True,True,0.36248033528391344,0.36248033528391344,0.0,,,,-0.44006394300879775,0.2200319715043989,0.04841406848411261,0.4400639430087978,,Q4,0.0,False
87,2,TUMBLE,True,True,0.3075480779488243,0.36248033528391344,-0.05493225733508911,-0.274964228839488,,,-0.24749810017194349,0.2215338111107458,0.0490772294652516,0.4949962003438869,,Q4,0.0,False
87,3,RUN,True,True,0.3387095554247354,0.36248033528391344,-0.023770779859178026,0.0036953488083665276,-0.15214800841708087,,-0.14464364259390175,0.202850592028171,0.04114836268617947,0.4949962003438869,"(-0.2,0.2]",Q4,0.0,False
87,4,RUN,True,True,0.6654915191426511,0.36248033528391344,0.3030111838587377,0.3423627024558713,0.3292455295901601,0.21267095740510505,-0.0297876298159299,0.2003879236099826,0.040155319928720214,0.4949962003438869,"(0.2,1]",Q4,1.0,True
88,0,TUMBLE,True,False,,,,,,,,,,,,,0.0,False
88,1,TUMBLE,True,True,0.1412942232833518,0.1412942232833518,0.0,,,,0.09341177162533652,0.04670588581266829,0.002181439769546009,0.09341177162533658,,Q1,0.0,False
88,2,RUN,True,True,0.029119591966584864,0.1412942232833518,-0.11217463131676694,-0.06546874550409865,,,-0.00938142984571517,0.049058867012596805,0.002406772432559659,0.11217463131676694,,Q1,0.0,False
88,3,TUMBLE,True,True,0.1392232528790969,0.1412942232833518,-0.0020709704042549126,0.05401634525412856,0.06645783057644626,,0.016184777234647795,0.051314714584061324,0.002633199932843676,0.11217463131676694,"(-0.2,0.2]",Q1,0.0,False
88,4,TUMBLE,True,True,-0.12269337424336248,0.1412942232833518,-0.2639875975267143,-0.20686479666620336,-0.22590573028637367,-0.21207325419012468,-0.03432226222070103,0.09644983343231453,0.009302570369121218,0.2639875975267143,"(-1,-0.2]",Q3,0.0,False
88,5,TUMBLE,True,True,-0.11273180824148162,0.029119591966584864,-0.14185140020806647,-0.12099674755934883,-0.12794829844225472,-0.1594677317128994,-0.06598650292596142,0.11563370286402297,0.013371153238045153,0.2639875975267143,"(-0.2,0.2]",Q3,0.0,False
88,6,TUMBLE,True,True,-0.043248581746751696,0.1392232528790969,-0.1824718346258486,0.07446400949567035,-0.0111812718781693,-0.026477997336961115,-0.03966914085472516,0.0973951199185571,0.009485809383950116,0.2619166271224594,"(-0.2,0.2]",Q3,0.0,False
88,7,RUN,True,True,0.22959809958611777,-0.12269337424336248,0.35229147382948023,0.3075882945802344,0.32248935432998305,0.2644607274242425,0.026019448591065218,0.14149604124402043,0.02002112968772953,0.35229147382948023,"(0.2,1]",Q4,0.0,False
88,8,TUMBLE,True,True,-0.0031144947764294648,-0.11273180824148162,0.10961731346505216,-0.09628925369611249,-0.02765373130905761,0.009154421384940041,0.05814876667614653,0.12791621426456765,0.01636255787177878,0.35229147382948023,"(-0.2,0.2]",Q4,0.0,False
88,9,TUMBLE,True,True,0.13691299442989907,-0.043248581746751696,0.18016157617665077,0.023671192025054924,0.0758346534089202,0.11928719072453534,0.05394236923130836,0.12445461750814245,0.015488951819098037,0.34232990782759937,"(-0.2,0.2]",Q4,0.0,False
88,10,TUMBLE,True,True,-0.04844918933207148,0.22959809958611777,-0.27804728891818925,-0.11534843915880627,-0.1695813890786006,-0.1284861937052804,-0.010308632032685805,0.11038466250370539,0.012184773716056942,0.27804728891818925,"(-0.2,0.2]",Q3,0.0,False
88,11,TUMBLE,True,True,0.2017089770783913,-0.0031144947764294648,0.20482347185482078,0.1574770745294775,0.1732592069712586,0.12297212460151234,-0.010111293957109507,0.11055969102101401,0.012223445278662086,0.27804728891818925,"(-0.2,0.2]",Q3,0.0,False
88,12,TUMBLE,True,True,-0.017900286071440563,0.13691299442989907,-0.15481328050133963,-0.09453017994460047,-0.11462454679684686,-0.08966485792138792,0.003522440005847008,0.09759089896916105,0.009523983561609,0.2501581664104628,"(-0.2,0.2]",Q3,0.0,False
88,13,TUMBLE,True,True,0.02772289622792503,-0.04844918933207148,0.07617208555999651,-0.06418144927555033,-0.017396937663701387,-0.04034522779826955,-0.01878312931433172,0.09472965275692785,0.008973707111448128,0.2501581664104628,"(-0.2,0.2]",Q3,0.0,False
88,14,TUMBLE,True,True,0.20202952613544528,0.2017089770783913,0.00032054905705397596,0.19711822105720306,0.13151899705715336,0.1612589266597442,0.03269713500845673,0.10796054891781504,0.011655480122635934,0.25047871546751677,"(-0.2,0.2]",Q3,0.0,False
88,15,RUN,True,True,0.07047530025172659,-0.017900286071440563,0.08837558632316715,-0.04440091092995857,-0.00014207851224999624,-0.03291497809085368,-0.0042537541446443705,0.09022187992319765,0.008139987616875895,0.21992981220688584,"(-0.2,0.2]",Q2,0.0,False
88,16,TUMBLE,True,True,0.24486431306805737,0.02772289622792503,0.21714141684013233,0.10861189987447142,0.14478840552969174,0.17428245393214328,0.05682816023027973,0.1012363375822604,0.01024879604706939,0.2627645991394979,"(-0.2,0.2]",Q3,0.0,False
88,17,TUMBLE,True,True,0.008802114752752221,0.20202952613544528,-0.19322741138269306,-0.14886769190713975,-0.16365426506565753,-0.12747089416803634,0.0004993223982266603,0.09510785394733412,0.009045503882467438,0.23606219831530514,"(-0.2,0.2]",Q3,0.0,False
88,18,TUMBLE,True,True,0.11480447791317941,0.07047530025172659,0.04432917766145282,-0.012028735997225398,0.0067572352223340265,-0.016738335638815965,-0.0236123281943506,0.08582400215529672,0.007365759345952376,0.23606219831530514,"(-0.2,0.2]",Q2,0.0,False
88,19,RUN,True,True,0.15909153662428727,0.24486431306805737,-0.0857727764437701,0.09728824029132145,0.03626790137962427,0.04935498512785838,0.004717263759024338,0.07995390402120997,0.006392626768232856,0.23606219831530514,"(-0.2,0.2]",Q2,0.0,True
89,0,RUN,True,False,,,,,,,,,,,,,0.0,False
89,1,TUMBLE,True,True,0.579913604158766,0.579913604158766,0.0,,,,0.21508057359816513,0.10754028679908262,0.011564913284828943,0.21508057359816524,,Q3,0.0,False
89,2,TUMBLE,True,True,0.2804336259876685,0.579913604158766,-0.2994799781710975,-0.1919396913720149,,,-0.04219970228646603,0.12608249942748787,0.015896796661882477,0.2994799781710975,,Q4,0.0,False
89,3,RUN,True,True,0.46277465379136645,0.579913604158766,-0.11713895036739957,0.03260103871814918,0.05438123355568797,,-0.0005655108478801058,0.11170091641066127,0.012477094726981535,0.2994799781710975,"(-0.2,0.2]",Q3,0.0,False
89,4,TUMBLE,True,True,0.7055863824570071,0.579913604158766,0.12567277829824108,0.33398224256748965,0.26454575447774015,0.28359765383240665,0.05643677534254128,0.15116248364943108,0.022850096463064518,0.4251527564693386,"(0.2,1]",Q4,0.0,False
89,5,TUMBLE,True,True,0.4110574246652272,0.2804336259876685,0.1306237986775587,-0.1731230934589596,-0.07187412941345345,-0.09611964193347478,0.00874403974822608,0.14521171515491793,0.021086442218233022,0.4251527564693386,"(-0.2,0.2]",Q4,0.0,False
89,6,RUN,True,True,0.04357940152210435,0.46277465379136645,-0.41919525226926213,-0.5147425020390127,-0.4828934187824292,-0.42138362020321296,-0.052542567805726755,0.21767527478801368,0.047382525254037265,0.6620069809349027,"(-1,-0.2]",Q4,0.0,False
89,7,RUN,True,True,0.07509361135564228,0.7055863824570071,-0.6304927711013648,-0.1522248017380235,-0.31164745819247053,-0.330655854253284,-0.14373690658063507,0.24972625560952813,0.06236320274075538,0.6620069809349027,"(-1,-0.2]",Q4,0.0,False
89,8,RUN,True,True,0.19986728970031203,0.4110574246652272,-0.21119013496491518,0.14053078326143872,0.023290477185987396,-0.10896191529968313,-0.13474019988229755,0.24590844309601728,0.06047096238590717,0.6620069809349027,"(-0.2,0.2]",Q4,0.0,False
89,9,TUMBLE,True,True,-0.029825058768692944,0.04357940152210435,-0.0734044602907973,-0.1673055092966701,-0.13600515962804582,-0.21222449057951442,-0.07254770786896328,0.15453577656307288,0.023881306237951986,0.44088248343392017,"(-0.2,0.2]",Q4,0.0,False
89,10,RUN,True,True,-0.02579166549920775,0.07509361135564228,-0.10088527685485003,-0.11081278096501729,-0.10750361292829487,-0.09797047645154917,-0.02436608041669594,0.08392154756568893,0.007042826145820189,0.229692348469005,"(-0.2,0.2]",Q2,0.0,False
89,11,TUMBLE,True,True,0.24527660619143138,0.19986728970031203,0.045409316491119345,0.2730849683253817,0.1971930843806276,0.19044056199441797,0.011470703447205835,0.11324914767701547,0.012825369449570457,0.27510166496012434,"(-0.2,0.2]",Q3,0.0,False
89,12,TUMBLE,True,True,0.04876035861758943,-0.029825058768692944,0.07858541738628237,-0.06098211172852239,-0.014459602023587467,-0.04862143428837125,-0.0027112197205321066,0.11456061445034506,0.013124134383240608,0.27510166496012434,"(-0.2,0.2]",Q3,0.0,False
89,13,TUMBLE,True,True,0.32344863631899157,-0.02579166549920775,0.3492403018181993,0.17643015391448116,0.2340335365490539,0.26384357618371157,0.07810994142921661,0.1453083780357403,0.021114524727377612,0.3532736950876845,"(0.2,1]",Q4,0.0,False
89,14,TUMBLE,True,True,0.26875067511527756,0.24527660619143138,0.02347406892384618,0.08264617764698706,0.06292214140594013,0.12082719120807639,0.06672567113565307,0.1356291681065332,0.01839527124127024,0.3492403018181993,"(-0.2,0.2]",Q4,0.0,False
89,15,TUMBLE,True,True,0.2502334155896001,0.04876035861758943,0.20147305697201068,-0.045866240127534486,0.0365801922389806,0.02867434652877765,0.022990393529402516,0.09347536789499562,0.008737644403104778,0.27468827770140214,"(-0.2,0.2]",Q2,0.0,False
89,16,RUN,True,True,0.2592809386065998,0.32344863631899157,-0.06416769771239178,-0.00021110674583907363,-0.021529970401356624,0.036482667196235136,0.03478259392486294,0.09417939221772577,0.008869757918500224,0.27468827770140214,"(-0.2,0.2]",Q3,0.0,False
89,17,TUMBLE,True,True,0.22813742309367868,0.26875067511527756,-0.04061325202159888,-0.026619754004421292,-0.03128425334348045,-0.0472909933139386,-0.020009216295930388,0.03173393544316113,0.0010070426587107182,0.09531121322531289,"(-0.2,0.2]",Q1,0.0,False
89,18,TUMBLE,True,True,0.10389450818658719,0.2502334155896001,-0.14633890740301292,-0.13981467266355205,-0.1419894175767057,-0.14770610491470182,-0.03518083263533022,0.06059567193220767,0.00367183545691574,0.16485616692869037,"(-0.2,0.2]",Q1,0.0,False
89,19,TUMBLE,True,True,0.19756050933002003,0.2592809386065998,-0.06172042927657975,0.0315445436898871,0.0004562193677314641,-0.01282606203909642,-0.026073224293917275,0.056152807042300516,0.0031531377387298345,0.1553864304200126,"(-0.2,0.2]",Q1,0.0,True
90,0,TUMBLE,True,False,,,,,,,,,,,,,0.0,False
90,1,TUMBLE,True,True,0.22533104033700316,0.22533104033700316,0.0,,,,-0.127014317637379,0.06350715881868947,0.004033159221222248,0.12701431763737894,,Q1,0.0,False
90,2,TUMBLE,True,True,0.5806317116065589,0.22533104033700316,0.3553006712695558,0.29179351245086627,,,0.11414317681608839,0.1470018379114739,0.021609540349351242,0.3553006712695558,,Q4,0.0,False
90,3,TUMBLE,True,True,0.3289167310073096,0.22533104033700316,0.10358569067030646,-0.0740646449644714,-0.05718597229867178,,0.028501479036833807,0.1296931933630887,0.01682032440471552,0.3553006712695558,"(-0.2,0.2]",Q4,0.0,False
90,4,RUN,True,True,0.26969626645960054,0.22533104033700316,0.044365226122597384,-0.1850779548473337,-0.10859689452402338,-0.1021099437717129,-0.006171249235925654,0.12298166539164443,0.015124490022502393,0.3553006712695558,"(-0.2,0.2]",Q4,1.0,True
91,0,TUMBLE,True,False,,,,,,,,,,,,,0.0,False
91,1,TUMBLE,True,True,0.1996596947639369,0.1996596947639369,0.0,,,,0.14457464844797877,0.07228732422398941,0.0052254572434641666,0.14457464844797882,,Q2,0.0,False
91,2,RUN,True,True,0.055027361774289685,0.1996596947639369,-0.14463233298964723,-0.0723450087656578,,,-2.8842270834175297e-05,0.06816674331486416,0.004646704894154578,0.14463233298964723,,Q2,0.0,False
91,3,RUN,True,True,0.12593422485603267,0.1996596947639369,-0.07372546990790424,-0.001409303413080626,0.022676857237971124,,0.006791520263057639,0.05984520568330271,0.0035814486432768074,0.14463233298964723,"(-0.2,0.2]",Q1,0.0,False
91,4,RUN,True,True,-0.023831919912114488,0.1996596947639369,-0.2234916146760514,-0.11431271322727567,-0.1507056803768676,-0.1327585018396688,-0.02315594023640493,0.07539980162000151,0.005685130084335583,0.2234916146760514,"(-0.2,0.2]",Q2,0.0,False
91,5,TUMBLE,True,True,0.04652902427412181,0.055027361774289685,-0.008498337500167874,-0.0045221281978372815,-0.00584753129861415,-0.04266831609641439,-0.038512062266603454,0.07609362614036466,0.005790239939189588,0.2234916146760514,"(-0.2,0.2]",Q2,0.0,False
91,6,RUN,True,True,-0.03553813595117389,0.12593422485603267,-0.16147236080720656,-0.04688668813217755,-0.08508191235718723,-0.08645280869925631,-0.026053619603283795,0.05870333030066092,0.003446080988388494,0.16147236080720656,"(-0.2,0.2]",Q1,0.0,False
91,7,TUMBLE,True,True,0.05880721725187609,-0.023831919912114488,0.08263913716399057,0.05331177309040213,0.0630875611149316,0.03053391893515956,-0.014596023124737265,0.058997690085595904,0.0034807274354360213,0.16147236080720656,"(-0.2,0.2]",Q1,0.0,False
91,8,TUMBLE,True,True,-0.016547331310906646,0.04652902427412181,-0.06307635558502846,-0.028181871961257748,-0.03981336650251466,-0.028038877726584026,0.002684737018016999,0.038871271627337126,0.0015109757579262243,0.09434535320304999,"(-0.2,0.2]",Q1,0.0,False
91,9,RUN,True,True,-0.028405080977685307,-0.03553813595117389,0.007133054973488581,-0.049535023948170026,-0.03064566430761716,-0.041717774543664654,-0.013087740586334698,0.0396065628692578,0.001568679822316471,0.09434535320304999,"(-0.2,0.2]",Q1,0.0,False
91,10,TUMBLE,True,True,-0.027894289646716836,0.05880721725187609,-0.08670150689859293,-0.005418083502420859,-0.03251255796781155,-0.0224734568997444,-0.00719246056206472,0.03489531202895994,0.0012176828015984765,0.09434535320304999,"(-0.2,0.2]",Q1,0.0,False
91,11,TUMBLE,True,True,0.025442672772204106,-0.016547331310906646,0.04199000408311075,0.05359235808440518,0.04972490675064037,0.02895254394306228,-0.007807604729515421,0.03446263499136981,0.0011876732105483869,0.08721229822956139,"(-0.2,0.2]",Q1,0.0,False
91,12,TUMBLE,True,True,0.12626261220403157,-0.028405080977685307,0.15466769318171686,0.12748842064128793,0.13654817815476425,0.13811361949480774,0.03394676407797657,0.05865934845920345,0.0034409191616582547,0.15466769318171686,"(-0.2,0.2]",Q1,0.0,False
91,13,RUN,True,True,0.0060716912352052205,-0.027894289646716836,0.033965980881922056,-0.06978095125291262,-0.035198640541301056,-0.017779787352753162,0.02231104462765295,0.05683632888556906,0.003230368281188572,0.15466769318171686,"(-0.2,0.2]",Q1,0.0,False
91,14,RUN,True,True,-0.033658999562532654,0.025442672772204106,-0.05910167233473676,-0.09982615128215105,-0.08625132496634627,-0.06612967120371367,-0.0030900401368630435,0.05776791900565772,0.0033371324662442303,0.15992161176656422,"(-0.2,0.2]",Q1,0.0,False
91,15,RUN,True,True,0.17492515741364587,0.12626261220403157,0.0486625452096143,0.18871881157730958,0.14203338945474447,0.1438956632514188,0.013904335751631925,0.07806769115912575,0.00609456440291664,0.20858415697617852,"(-0.2,0.2]",Q2,0.0,False
91,16,TUMBLE,True,True,0.038871033175959024,0.0060716912352052205,0.032799341940753804,-0.03176204574959758,-0.010241583186147117,-0.02952908214662847,-0.0005929691877704557,0.07706376823403523,0.005938824374429097,0.20858415697617852,"(-0.2,0.2]",Q2,0.0,False
91,17,TUMBLE,True,True,0.24406412205879194,-0.033658999562532654,0.2777231216213246,0.13716602676398948,0.18401839171643453,0.19751190149322256,0.05485148943856649,0.10565972329056576,0.011163977125838925,0.2777231216213246,"(-0.2,0.2]",Q3,0.0,False
91,18,RUN,True,True,0.04391579159374212,0.17492515741364587,-0.13100936581990374,-0.09755178602363337,-0.10870431262239016,-0.06213453667772392,0.02242885469576957,0.10090774386221926,0.01018237277136325,0.2777231216213246,"(-0.2,0.2]",Q3,0.0,False
91,19,TUMBLE,True,True,0.3917538293948074,0.038871033175959024,0.3528827962188484,0.24776387256854038,0.2828035137853097,0.2663098033342727,0.04387021023801059,0.13221011665408658,0.017479514945687183,0.3528827962188484,"(0.2,1]",Q4,0.0,True
92,0,TUMBLE,True,False,,,,,,,,,,,,,0.0,False
92,1,TUMBLE,True,True,0.34373905630152585,0.34373905630152585,0.0,,,,-0.3035962800839178,0.151798140041959,0.023042675320198193,0.303596280083918,,Q4,0.0,False
92,2,TUMBLE,True,True,0.3885769318943446,0.34373905630152585,0.044837875592818766,-0.1069602644491402,,,-0.12937920224554958,0.13380626470271995,0.01790411647369436,0.303596280083918,,Q4,0.0,False
92,3,RUN,True,True,0.27832266746198614,0.34373905630152585,-0.06541638883953971,-0.08783532663594912,-0.18156110739845194,,-0.10622001311775552,0.14003185013676103,0.0196089190527243,0.3690126689234577,"(-0.2,0.2]",Q4,0.0,False
92,4,TUMBLE,True,True,0.003675196665787561,0.34373905630152585,-0.34006385963573826,-0.32977460301237776,-0.3332043552201646,-0.4108183013450375,-0.1352736668278852,0.20661704556348437,0.04269060351738298,0.6436601397196563,"(-1,-0.2]",Q4,0.0,False
92,5,TUMBLE,True,True,-0.0438772056758382,0.3885769318943446,-0.4324541375701828,-0.18487613773972505,-0.26740213768321097,-0.2974556687567492,-0.11601342591832851,0.1789979537691341,0.03204026745353707,0.4324541375701828,"(-1,-0.2]",Q4,0.0,False
92,6,TUMBLE,True,True,0.013575122868977985,0.27832266746198614,-0.26474754459300814,0.0336761273740033,-0.06579842994833386,-0.143099274717592,-0.10722034911885577,0.17238834645957465,0.029717741995066344,0.4324541375701828,"(-0.2,0.2]",Q4,0.0,False
92,7,TUMBLE,True,True,0.23266197168906458,0.003675196665787561,0.22898677502327702,0.24781301309249468,0.24153760040275546,0.1697380263588362,-0.00814214653426529,0.13175554176017287,0.01735952278451666,0.32219987313782433,"(0.2,1]",Q4,0.0,False
92,8,TUMBLE,True,True,-0.053622082420166785,-0.0438772056758382,-0.009744876744328584,-0.17674062969918808,-0.1210753787142349,-0.10513085380716478,0.01619446191929941,0.10438771603803738,0.010896795259637927,0.28628405410923136,"(-0.2,0.2]",Q3,0.0,False
92,9,TUMBLE,True,True,0.005047396001036385,0.013575122868977985,-0.0085277268679416,-0.08447254863341251,-0.059157608044922205,-0.03213705561447301,0.00306519980646045,0.10431865838786027,0.010882382487843088,0.28628405410923136,"(-0.2,0.2]",Q3,0.0,False
92,10,TUMBLE,True,True,0.10157371522010221,0.23266197168906458,-0.13108825646896238,0.1258610584296674,0.04021128679679082,0.052158113185374166,-0.00516173909857796,0.09962474499806315,0.009925089815929109,0.28628405410923136,"(-0.2,0.2]",Q3,0.0,False
92,11,TUMBLE,True,True,0.1036790170452089,-0.053622082420166785,0.15730109946537568,0.050368461434639605,0.08601267411155164,0.032263766922699805,-0.010277011164744249,0.09775666253296053,0.00955636506958313,0.28628405410923136,"(-0.2,0.2]",Q3,0.0,False
92,12,TUMBLE,True,True,-0.06185541107249613,0.005047396001036385,-0.06690280707353252,-0.16448177720515167,-0.1319554538279453,-0.10102492253404131,0.008216496373951387,0.072104351594622,0.005199037518880868,0.16553442811770502,"(-0.2,0.2]",Q2,0.0,False
92,13,TUMBLE,True,True,0.11648238713484593,0.10157371522010221,0.014908671914743724,0.09557058414848954,0.06868328007057428,0.07937120783638309,0.005944085597502074,0.0699271030079873,0.004889799735089666,0.17833779820734208,"(-0.2,0.2]",Q2,0.0,False
92,14,RUN,True,True,0.030647055869605644,0.1036790170452089,-0.07303196117560326,0.003333567838430744,-0.022121608499580593,-0.03432287121230958,-0.012904994861135614,0.06711017580239623,0.004503775696228528,0.17833779820734208,"(-0.2,0.2]",Q2,0.0,False
92,15,TUMBLE,True,True,-0.16337631894314988,-0.06185541107249613,-0.10152090787065375,-0.23694104044537567,-0.1918009962538017,-0.21061458118744097,-0.04416082050346158,0.10549294456794948,0.011128761353616463,0.2798587060779958,"(-0.2,0.2]",Q3,0.0,False
92,16,TUMBLE,True,True,-0.15220606650604793,0.11648238713484593,-0.2686884536408939,-0.0858414349692758,-0.1467904411931485,-0.1326804947532493,-0.046056001694509914,0.10731598311318498,0.011516720231549404,0.2798587060779958,"(-0.2,0.2]",Q3,0.0,False
92,17,RUN,True,True,0.17566462924007975,0.030647055869605644,0.1450175733704741,0.33345582196467866,0.2706430724332771,0.21777786485126632,-0.0064488638165186105,0.1379953311525662,0.01904271141990641,0.3390409481832296,"(0.2,1]",Q4,0.0,False
92,18,TUMBLE,True,True,-0.001973834883778088,-0.16337631894314988,0.1614024840593718,-0.013703116250794,0.04466541718592793,0.025343840201100018,0.027379916667646206,0.12584485605135076,0.015836927794585193,0.3390409481832296,"(-0.2,0.2]",Q4,0.0,False
92,19,TUMBLE,True,True,0.008611090753867604,-0.15220606650604793,0.16081715725991552,-0.07823430642428322,0.0014495148037830244,0.04408398852709164,0.0494207051016305,0.12429149511749177,0.01544837575854148,0.3390409481832296,"(-0.2,0.2]",Q4,0.0,True
93,0,TUMBLE,True,False,,,,,,,,,,,,,0.0,False
93,1,TUMBLE,True,True,-0.08703964446526621,-0.08703964446526621,0.0,,,,-0.17593339268061917,0.0879666963403096,0.007738139665028238,0.1759333926806192,,Q2,0.0,False
93,2,RUN,True,True,0.15064241374073814,-0.08703964446526621,0.23768205820600435,0.14971536186569476,,,0.03087433276269254,0.10069658338423365,0.010139801905257921,0.23768205820600435,,Q3,0.0,False
93,3,TUMBLE,True,True,0.29733856166400835,-0.08703964446526621,0.38437820612927454,0.2655371770262724,0.24650638916706671,,0.08630164985519707,0.13783455267177455,0.018998363910228192,0.38437820612927454,"(0.2,1]",Q4,0.0,False
93,4,TUMBLE,True,True,-0.07138754101661975,-0.08703964446526621,0.015652103448646468,-0.295378028718993,-0.19170131799644652,-0.18384631080532804,0.006381562766532898,0.14355001110295754,0.02060660568765923,0.38437820612927454,"(-0.2,0.2]",Q4,0.0,False
93,5,TUMBLE,True,True,0.05402206215708389,0.15064241374073814,-0.09662035158365426,-0.058953448166610405,-0.07150908263895836,-0.01836638532363124,0.006009345848734257,0.143586174657805,0.02061698955286168,0.38437820612927454,"(-0.2,0.2]",Q4,0.0,False
93,6,TUMBLE,True,True,0.09310360167689534,0.29733856166400835,-0.204234959987113,0.10178634110666326,-0.00022075925792881812,-0.014550272459407307,-0.03583941236346102,0.12077240012424628,0.014585972631771043,0.3687261026806281,"(-0.2,0.2]",Q4,0.0,False
93,7,RUN,True,True,-0.054445070389944575,-0.07138754101661975,0.01694247062667517,-0.1280079023069342,-0.0796911113290644,-0.14771424151028653,-0.05390761214143909,0.13247800549510064,0.017550421939959916,0.3687261026806281,"(-0.2,0.2]",Q4,0.0,False
93,8,TUMBLE,True,True,-0.024871896786673994,0.05402206215708389,-0.07889395894375789,-0.04420116243014938,-0.055765427934685544,-0.03019515989352772,-0.0015435844087136853,0.0636602861624998,0.004052632034291364,0.16449114269351509,"(-0.2,0.2]",Q1,0.0,False
93,9,TUMBLE,True,True,0.05538490870499995,0.09310360167689534,-0.03771869297189539,0.09504339229330924,0.05078936387157436,0.038432734540659784,-0.011524980536773723,0.055139270971373174,0.0030403392032545165,0.14754867206683991,"(-0.2,0.2]",Q1,0.0,False
93,10,TUMBLE,True,True,-0.0850367325034585,-0.054445070389944575,-0.030591662113513926,-0.10029323846262148,-0.07705937967958562,-0.10232961830477769,-0.024645068926576315,0.06708136958288116,0.004499910145115094,0.17814033418035385,"(-0.2,0.2]",Q2,0.0,False
93,11,TUMBLE,True,True,0.1485883039427431,-0.024871896786673994,0.1734602007294171,0.16341421584197238,0.16676287747112062,0.17583050168651237,0.03459019129485908,0.0844347722608179,0.0071292307667361835,0.2336250364462016,"(-0.2,0.2]",Q2,0.0,False
93,12,RUN,True,True,-0.06498268797625405,0.05538490870499995,-0.12036759668125399,-0.09675847369589635,-0.10462818135768223,-0.08849883381565668,0.00129818128585831,0.08608069204449818,0.007409885542859733,0.2336250364462016,"(-0.2,0.2]",Q2,0.0,False
93,13,TUMBLE,True,True,0.12633145694343462,-0.0850367325034585,0.21136818944689312,0.08452864896019008,0.1268084957890911,0.11284300890142698,0.016194714100407365,0.09597817522368343,0.00921181011926808,0.2336250364462016,"(-0.2,0.2]",Q3,0.0,False
93,14,TUMBLE,True,True,-0.10424463823753029,0.1485883039427431,-0.2528329421802734,-0.13491902272112058,-0.17422366254083818,-0.13546972333914659,-0.0060672658467451936,0.10979410702617062,0.01205474593767421,0.2528329421802734,"(-0.2,0.2]",Q3,0.0,False
93,15,TUMBLE,True,True,-0.013163916795184616,-0.06498268797625405,0.05181877118106943,-0.024207326148136782,0.0011347062949319565,-0.039587025463282965,-0.036276639173713175,0.1015763740258576,0.01031775976024092,0.2528329421802734,"(-0.2,0.2]",Q3,0.0,False
93,16,RUN,True,True,-0.008346335547142623,0.12633145694343462,-0.13467779249057724,0.05035794196921482,-0.011320636184049195,0.005668610969240961,-0.002622266888039629,0.07805466247901181,0.0060925303347124544,0.2305760951809649,"(-0.2,0.2]",Q2,0.0,False
93,17,RUN,True,True,-0.07915917019845983,-0.10424463823753029,0.025085468039070455,-0.06840404402729622,-0.03724087333850732,-0.07930331178935411,-0.03150829515934013,0.08012572712755271,0.006420132147719037,0.2305760951809649,"(-0.2,0.2]",Q2,0.0,False
93,18,RUN,True,True,0.3801497176458243,-0.013163916795184616,0.3933136344410089,0.4239024705186255,0.41370619182608664,0.4313782328404036,0.09027934583634337,0.1764927021657728,0.031149673917776188,0.48439435588335455,"(0.2,1]",Q4,0.0,False
93,19,RUN,True,True,0.5898066933269426,-0.008346335547142623,0.5981530288740852,0.43931141960326037,0.4922586226935353,0.5199366195506833,0.15944372734372209,0.2637282290226053,0.06955257878339975,0.6689658635254024,"(0.2,1]",Q4,1.0,True
94,0,TUMBLE,True,False,,,,,,,,,,,,,0.0,False
94,1,TUMBLE,True,True,0.5155193841699851,0.5155193841699851,0.0,,,,0.35116878569068094,0.17558439284534055,0.030829879010866878,0.3511687856906811,,Q4,0.0,False
94,2,TUMBLE,True,True,0.25324205959541557,0.5155193841699851,-0.26227732457456954,-0.08669293172922898,,,0.044445730558055827,0.14907514991097565,0.02222340032097986,0.3511687856906811,,Q4,0.0,False
94,3,RUN,True,True,0.203682627267413,0.5155193841699851,-0.31183675690257207,-0.18069809461528732,-0.10735472014748856,,-0.014428123821024296,0.1372169613389675,0.0188284944790997,0.3511687856906811,"(-0.2,0.2]",Q4,0.0,False
94,4,TUMBLE,True,True,0.5352442507928714,0.5155193841699851,0.019724866622886306,0.3067819073614571,0.21109622711526682,0.251045583414842,0.04299505477245627,0.15857684943148384,0.025146617175615497,0.3708936523135674,"(0.2,1]",Q4,0.0,False
94,5,RUN,True,True,0.40285927961387397,0.25324205959541557,0.1496172200184584,0.03339584058373174,0.07213630039530727,0.025937199157452684,0.005668198208523324,0.1342549578661629,0.018024393711645176,0.33156162352545837,"(-0.2,0.2]",Q4,0.0,False
94,6,TUMBLE,True,True,0.2048028531802393,0.203682627267413,0.0011202259128262892,-0.2642489120231334,-0.17579253271114684,-0.1439542011371542,0.010229823951610848,0.12996343982210015,0.016890495690392648,0.33156162352545837,"(-0.2,0.2]",Q4,0.0,False
94,7,TUMBLE,True,True,0.31466542826569954,0.5352442507928714,-0.22057882252717187,0.010834361868642894,-0.0663033662632953,-0.021981824447899867,-0.010847579561605923,0.12591576386262732,0.015854779589108924,0.33156162352545837,"(-0.2,0.2]",Q4,0.0,False
94,8,TUMBLE,True,True,0.6236772204078591,0.40285927961387397,0.22081794079398515,0.3639430796848897,0.31623470005458815,0.2592842674446881,0.008867208788180033,0.14992952744060667,0.02247886319856363,0.41887436722761984,"(0.2,1]",Q4,0.0,False
94,9,TUMBLE,True,True,0.43897500606362544,0.2048028531802393,0.23417215288338614,-0.030196318273153888,0.05792650544569278,0.05247381069670748,0.04911058201271226,0.13921028655245749,0.019379503882017327,0.41887436722761984,"(-0.2,0.2]",Q4,0.0,False
94,10,TUMBLE,True,True,0.24696120296479923,0.31466542826569954,-0.06770422530090031,-0.28436491027094307,-0.2121446819475955,-0.14856892401455662,0.02086262773670462,0.15133586909499616,0.022902545274737816,0.41887436722761984,"(-1,-0.2]",Q4,0.0,False
94,11,TUMBLE,True,True,0.09551131261721846,0.6236772204078591,-0.5281659077906407,-0.24745679189699388,-0.34102649719487615,-0.3105584018082774,-0.08150242487400221,0.17847311482251008,0.03185265271444886,0.5281659077906407,"(-1,-0.2]",Q4,0.0,False
94,12,RUN,True,True,0.45746686131773795,0.43897500606362544,0.01849185525411251,0.28623060352672913,0.19698435410252357,0.10618567580436239,-0.06758844116266495,0.182872092362947,0.03344220216520222,0.5281659077906407,"(-0.2,0.2]",Q4,0.0,False
94,13,TUMBLE,True,True,0.25962360035761084,0.24696120296479923,0.012662397392811608,-0.016865486609867364,-0.007022858608974336,-0.05010499538323443,-0.01481971530590905,0.13443840830034146,0.018073685626329317,0.3619555487005195,"(-0.2,0.2]",Q4,0.0,False
94,14,TUMBLE,True,True,0.3293836681371506,0.09551131261721846,0.23387235551993213,-0.029161562700523835,0.05851641003962815,0.06449292382280897,0.0328957218085095,0.11785723037572518,0.013890326751836757,0.3619555487005195,"(-0.2,0.2]",Q3,0.0,False
94,15,TUMBLE,True,True,0.3424315292440904,0.45746686131773795,-0.11503533207364752,0.04792789499670974,-0.006393180693409328,0.05693516863666098,0.03657572400731566,0.11904365401120541,0.014171391560339582,0.3619555487005195,"(-0.2,0.2]",Q3,0.0,False
94,16,TUMBLE,True,True,0.22235865148158834,0.25962360035761084,-0.0372649488760225,-0.11354894720903214,-0.08812094776469559,-0.12486776328255911,-0.03874084907858201,0.08079867613813753,0.006528426065675635,0.2351082098361496,"(-0.2,0.2]",Q2,0.0,False
94,17,RUN,True,True,0.36283570505755874,0.3293836681371506,0.03345203692040816,0.08044061469471936,0.06477775543661568,0.07438634275244871,0.009939919274433339,0.05332027895812072,0.002843052148171811,0.1404770535759704,"(-0.2,0.2]",Q1,0.0,False
94,18,TUMBLE,True,True,0.3316916975838938,0.3424315292440904,-0.010739831660196653,0.03909451931432023,0.02248306898948127,0.017439309103796763,0.0025020234706954626,0.04913475500923574,0.0024142241498176166,0.1404770535759704,"(-0.2,0.2]",Q1,0.0,False
94,19,RUN,True,True,0.1584596179790959,0.22235865148158834,-0.06389903350249243,-0.18880408334163035,-0.14716906672858437,-0.1563697778626869,-0.02586107764276836,0.07932574010812726,0.0062925730437021505,0.20437608707846283,"(-0.2,0.2]",Q2,0.0,True
95,0,RUN,True,False,,,,,,,,,,,,,0.0,False
95,1,TUMBLE,True,True,0.1717244740852509,0.1717244740852509,0.0,,,,-0.2744547945496048,0.1372273972748024,0.018831358562816446,0.27445479454960486,,Q4,0.0,False
95,2,TUMBLE,True,True,0.11746651781951456,0.1717244740852509,-0.054257956265736346,-0.19148535354053875,,,-0.1643563754076706,0.14388322140541188,0.020702381401998773,0.3287127508153412,,Q4,0.0,False
95,3,TUMBLE,True,True,0.1952393948362381,0.1717244740852509,0.023514920750987184,0.05064389888385534,-0.049884025343635646,,-0.080707757766159,0.1264648727852518,0.015993364048589916,0.3287127508153412,"(-0.2,0.2]",Q4,0.0,False
95,4,RUN,True,True,0.08672908623231848,0.1717244740852509,-0.08499538785293242,-0.06962387009555784,-0.07474770934801606,-0.14592332761164634,-0.06953854440540877,0.12728578100272187,0.01620167004547287,0.35945018240253723,"(-0.2,0.2]",Q4,0.0,False
95,5,RUN,True,True,0.2591727996681188,0.11746651781951456,0.14170628184860423,0.11818855913384052,0.12602780003876177,0.11638293142478828,0.014415921957853947,0.06034606365462884,0.003641647398608516,0.1724437134358003,"(-0.2,0.2]",Q1,0.0,False
95,6,TUMBLE,True,True,-0.10611687922914126,0.1952393948362381,-0.30135627406537935,-0.2790678221793599,-0.28649730614136637,-0.27076882886818876,-0.03832333892654309,0.12395227102455948,0.015364165492145847,0.36528967889726005,"(-1,-0.2]",Q4,0.0,False
95,7,RUN,True,True,0.028918769148524225,0.08672908623231848,-0.057810317083794256,-0.04760919107096454,-0.05100956640857444,-0.07983733122835929,-0.052548721683688744,0.12795259272812157,0.016371865985848548,0.36528967889726005,"(-0.2,0.2]",Q4,0.0,False
95,8,TUMBLE,True,True,0.11823495082684464,0.2591727996681188,-0.14093784884127414,0.15683400586715315,0.057576720964344054,0.05105900687188959,-0.016724230133054227,0.11901659524128509,0.014164949942827885,0.36528967889726005,"(-0.2,0.2]",Q3,0.0,False
95,9,TUMBLE,True,True,-0.037230510407875186,-0.10611687922914126,0.06888636882126607,-0.11080737039555962,-0.05090945732328439,-0.11228292051146178,-0.036845479009600224,0.12712327661972359,0.01616032745853476,0.36528967889726005,"(-0.2,0.2]",Q4,0.0,False
95,10,TUMBLE,True,True,0.07371443777427975,0.028918769148524225,0.04479566862575552,0.03321221756479502,0.03707336791844852,0.07276285518969164,0.029351335445044258,0.07961736771242657,0.006338925241455745,0.2243518300559859,"(-0.2,0.2]",Q2,0.0,False
95,11,TUMBLE,True,True,0.10388695592541461,0.11823495082684464,-0.01434799490143003,0.08564499224221234,0.05231399652766488,0.05797754408997126,0.010541586050121586,0.05638111059984422,0.0031788296324718663,0.15546546123471983,"(-0.2,0.2]",Q1,0.0,False
95,12,TUMBLE,True,True,0.1246046640938729,-0.037230510407875186,0.16183517450174809,0.03580396724402572,0.0778143696632665,0.059953205564206954,0.01538568928673461,0.05957885124097518,0.0035496395151942495,0.16183517450174809,"(-0.2,0.2]",Q1,0.0,False
95,13,RUN,True,True,0.04301724083050111,0.07371443777427975,-0.030697196943778635,-0.07122856917914265,-0.05771811176735464,-0.023226646015921906,0.021138572879634582,0.0565991566315919,0.0032034645314074736,0.16183517450174809,"(-0.2,0.2]",Q1,0.0,False
95,14,TUMBLE,True,True,0.017193843205908693,0.10388695592541461,-0.08669311271950592,-0.06661710925627831,-0.07330911041068752,-0.0691119814501084,-0.017391090423165563,0.039062807313839744,0.0015259029152381717,0.1074108208879642,"(-0.2,0.2]",Q1,0.0,False
95,15,RUN,True,True,0.3836930978790117,0.1246046640938729,0.2590884337851388,0.35358755586080676,0.3220878485022508,0.31151742186508735,0.045220146301922975,0.1305849176944745,0.01705242072927268,0.36649925467310296,"(0.2,1]",Q4,0.0,False
95,16,TUMBLE,True,True,0.25185259862134357,0.04301724083050111,0.20883535779084245,0.05140912807888337,0.10388453798286976,0.10972538711901997,0.05951717261034518,0.1369116345617337,0.018744795678365712,0.36649925467310296,"(-0.2,0.2]",Q4,0.0,False
95,17,TUMBLE,True,True,0.5460774511723636,0.017193843205908693,0.528883607966455,0.22830460292218602,0.328497604603609,0.37213825603817235,0.12407791760991597,0.20127909325866905,0.04051327338303199,0.528883607966455,"(0.2,1]",Q4,0.0,False
95,18,TUMBLE,True,True,0.32252385384316723,0.3836930978790117,-0.06116924403584445,-0.07644117105368636,-0.07135052871440573,0.02281960612351036,0.07730443745678692,0.17336226743411892,0.03005447576989897,0.528883607966455,"(-0.2,0.2]",Q4,0.0,False
95,19,TUMBLE,True,True,0.2698320569906641,0.25185259862134357,0.017979458369320522,-0.1644685955171013,-0.10365257755496071,-0.1062046933883074,-0.015705082655487177,0.10609556328605457,0.011256268548985211,0.29422485255102004,"(-0.2,0.2]",Q3,0.0,True
96,0,TUMBLE,True,False,,,,,,,,,,,,,0.0,False
96,1,TUMBLE,True,True,0.15599452801813607,0.15599452801813607,0.0,,,,-0.03565703684280351,0.01782851842140175,0.0003178560691022615,0.0356570368428035,,Q1,0.0,False
96,2,TUMBLE,True,True,-0.027101940226181714,0.15599452801813607,-0.18309646824431777,-0.20092498666571953,,,-0.10937675254356063,0.09582903581544046,0.00918320410531697,0.21875350508712127,,Q3,0.0,False
96,3,RUN,True,True,0.159348771507011,0.15599452801813607,0.0033542434888749195,0.0949024776110338,0.05250072062271301,,-0.02800048483061039,0.08604774338322159,0.007404214141344755,0.21875350508712127,"(-0.2,0.2]",Q2,0.0,False
96,4,TUMBLE,True,True,0.04095726164113459,0.15599452801813607,-0.11503726637700148,-0.02516615399928005,-0.05512319145852052,-0.07901596939884165,-0.029803436295073503,0.08320057127377188,0.006922335060281995,0.21875350508712127,"(-0.2,0.2]",Q2,0.0,False
96,5,RUN,True,True,0.11204755182327414,-0.027101940226181714,0.13914949204945584,0.011894535249201352,0.05431285418261952,0.029747896588249154,-0.0019834750522407666,0.07176817271114369,0.00515067061429655,0.1864507117331927,"(-0.2,0.2]",Q2,0.0,False
96,6,RUN,True,True,-0.17804583428911186,0.159348771507011,-0.33739460579612285,-0.25454824102131623,-0.2821636959462518,-0.24935874547542136,-0.034918900780959695,0.11811892248419953,0.013952079848828337,0.33739460579612285,"(-1,-0.2]",Q3,0.0,False
96,7,TUMBLE,True,True,0.1329081464129506,0.04095726164113459,0.09195088477181601,0.16590728764586946,0.1412551533545183,0.09933120874237363,-0.027188434611836735,0.12223600900722396,0.014941641898014137,0.33739460579612285,"(-0.2,0.2]",Q4,0.0,False
96,8,TUMBLE,True,True,-0.0498775453756591,0.11204755182327414,-0.16192509719893325,-0.02730870143757847,-0.07218083335803006,-0.07684432677272096,-0.016080901944391084,0.11437854422173448,0.01308245137828327,0.3109539807020625,"(-0.2,0.2]",Q3,0.0,False
96,9,TUMBLE,True,True,-0.008386716975596708,-0.17804583428911186,0.16965911731351516,-0.04990201749424245,0.02328502744167675,-0.012644796618460151,-0.011270024868428907,0.11354532630554227,0.012892541125832071,0.3109539807020625,"(-0.2,0.2]",Q3,0.0,False
96,10,TUMBLE,True,True,-0.06510229701951073,0.1329081464129506,-0.19801044343246132,-0.03597016584388282,-0.08998359170674232,-0.03925180946265646,0.008459221115065522,0.10048141505186692,0.010096514770825548,0.3109539807020625,"(-0.2,0.2]",Q3,0.0,False
96,11,TUMBLE,True,True,-0.01599692918667758,-0.0498775453756591,0.03388061618898153,0.020747577810876137,0.0251252572702446,-0.018382325947223593,-0.03130349028431081,0.07029730929336582,0.004941711693887137,0.19801044343246132,"(-0.2,0.2]",Q2,0.0,False
96,12,TUMBLE,True,True,0.11579455459279951,-0.008386716975596708,0.12418127156839621,0.15634416769589365,0.14562320232006118,0.15063542673216054,0.032373398772583634,0.0637959204317153,0.004069919463729749,0.18089685161231023,"(-0.2,0.2]",Q1,0.0,False
96,13,TUMBLE,True,True,-0.05661193720673005,-0.06510229701951073,0.008490359812780679,-0.10651074990979101,-0.06817704666893379,-0.06318909005948367,0.008444641115004349,0.06479842565840045,0.00419883596780725,0.18089685161231023,"(-0.2,0.2]",Q2,0.0,False
96,14,TUMBLE,True,True,-0.013576550016675633,-0.01599692918667758,0.002420379170001947,-0.04316785870971036,-0.027971779416472928,-0.00809739781164592,0.006243648598561778,0.0648689000581577,0.004207974194755252,0.18089685161231023,"(-0.2,0.2]",Q2,0.0,False
96,15,TUMBLE,True,True,-0.20100894835607241,0.11579455459279951,-0.31680350294887194,-0.1659147047443696,-0.216210970812537,-0.20841123290175148,-0.04993951429482646,0.1015702053705949,0.010316506619024824,0.31680350294887194,"(-1,-0.2]",Q3,0.0,False
96,16,RUN,True,True,0.04826934974181361,-0.05661193720673005,0.10488128694854365,0.15556209892818762,0.13866849493497296,0.08712006998848326,-0.027944742085131424,0.10699216958106017,0.011447324351662336,0.31680350294887194,"(-0.2,0.2]",Q3,0.0,False
96,17,TUMBLE,True,True,0.5400081910011294,-0.013576550016675633,0.5535847410178051,0.6163779903082588,0.5954469072114409,0.5957402124605455,0.12550861561742077,0.25204152408624386,0.06352492986371665,0.7410171393572018,"(0.2,1]",Q4,1.0,True
97,0,TUMBLE,True,False,,,,,,,,,,,,,0.0,False
97,1,TUMBLE,True,True,-0.02808126933735868,-0.02808126933735868,0.0,,,,0.07888132179931567,0.039440660899657844,0.001555565732201799,0.0788813217993157,,Q1,0.0,False
97,2,TUMBLE,True,True,0.20255019340495226,-0.02808126933735868,0.23063146274231094,0.27007212364196875,,,0.15475639227081328,0.1313228838187163,0.01724569981446406,0.3095127845416266,,Q4,0.0,False
97,3,RUN,True,True,0.021574850101060233,-0.02808126933735868,0.04965611943841891,-0.06565961193273655,-0.0009272608759128345,,0.061624378645551495,0.11372966225103852,0.012934436075735295,0.3095127845416266,"(-0.2,0.2]",Q3,0.0,False
97,4,TUMBLE,True,True,0.08157896989555845,-0.02808126933735868,0.10966023923291712,-0.03048355185744779,0.016231045172673847,0.05930867413756359,0.042673924150288464,0.10445262980442928,0.010910351873061148,0.3095127845416266,"(-0.2,0.2]",Q3,0.0,False
97,5,TUMBLE,True,True,-0.10984496306101367,0.20255019340495226,-0.31239515646596594,-0.161421873059323,-0.2117463008615373,-0.17925064907706673,-0.02844986109567036,0.10523476628214508,0.0110743560344577,0.31239515646596594,"(-1,-0.2]",Q3,0.0,False
97,6,TUMBLE,True,True,-0.058881663794319035,0.021574850101060233,-0.08045651389537926,-0.044748667211591424,-0.05665128277285404,-0.10784642637945835,-0.06542835275606165,0.10947838936570302,0.011985517738108476,0.31239515646596594,"(-0.2,0.2]",Q3,0.0,False
97,7,TUMBLE,True,True,-0.02593379029839292,0.08157896989555845,-0.10751276019395137,0.058429523129273436,0.003115428688198498,-0.009540588583714413,-0.023547791448878377,0.06580492191584568,0.004330287748350547,0.19142393295657212,"(-0.2,0.2]",Q2,0.0,False
97,8,TUMBLE,True,True,-0.04784992197243727,-0.10984496306101367,0.0619950410885764,-0.005442194926081292,0.01703688374547127,-0.01957956015789548,-0.01749466109733708,0.06319887651185745,0.003994097992361007,0.19142393295657212,"(-0.2,0.2]",Q1,0.0,False
97,9,TUMBLE,True,True,0.04295551163768813,-0.058881663794319035,0.10183717543200717,0.07984736777310322,0.08717730365940454,0.10358309641922886,0.03166326912192854,0.049751166616144,0.0024751785796673217,0.1528004746987018,"(-0.2,0.2]",Q1,0.0,False
97,10,TUMBLE,True,True,-0.11938910697691031,-0.02593379029839292,-0.09345531667851739,-0.11694190180953574,-0.10911304009919628,-0.09696164087004504,-0.005212558442910141,0.0525046392607797,0.002756737143904609,0.16234461861459845,"(-0.2,0.2]",Q1,0.0,False
97,11,TUMBLE,True,True,0.06617494342418549,-0.04784992197243727,0.11402486539662277,0.10439174109379658,0.10760278252807198,0.10372927032669858,0.011267828244068377,0.06637410744923539,0.004405522139682644,0.1855640504010958,"(-0.2,0.2]",Q2,0.0,False
97,12,TUMBLE,True,True,0.08857680798040307,0.04295551163768813,0.04562129634271494,0.11518388975676548,0.09199635861874864,0.10310395145227157,0.0296072891692178,0.07801007789896261,0.0060855722538022145,0.20796591495731337,"(-0.2,0.2]",Q2,0.0,False
97,13,TUMBLE,True,True,0.1131086037335685,-0.11938910697691031,0.2324977107104788,0.03573272803127421,0.10132105559100908,0.0935290647172269,0.034827209914907405,0.08220538213417007,0.006757724851824928,0.2324977107104788,"(-0.2,0.2]",Q2,0.0,False
97,14,RUN,True,True,-0.027426070656955747,0.06617494342418549,-0.09360101408114124,-0.12826877651394153,-0.11671285570300811,-0.06454388269726744,0.023085973294929223,0.08613256237308184,0.007418818300952834,0.2324977107104788,"(-0.2,0.2]",Q2,0.0,False
97,15,TUMBLE,True,True,0.07961886091476986,0.08857680798040307,-0.008957947065633215,0.03677759437646348,0.021532413895764574,0.019510289794469518,-0.008911504365619008,0.0482142706617525,0.0023246158954447274,0.14053467439052425,"(-0.2,0.2]",Q1,0.0,False
97,16,TUMBLE,True,True,0.11044380842225042,0.1131086037335685,-0.00266479531131808,0.08434741329334336,0.05534334375845622,0.046974257929304,0.001024425806489604,0.05173487969039987,0.0026764977765801486,0.14053467439052425,"(-0.2,0.2]",Q1,0.0,False
97,17,TUMBLE,True,True,0.02098013878739622,-0.027426070656955747,0.048406209444351964,-0.07405119588111392,-0.03323206077262529,-0.04795616181601204,-0.004638705081313851,0.0546145109357924,0.0029827448047557875,0.14053467439052425,"(-0.2,0.2]",Q1,0.0,False
97,18,RUN,True,True,0.15867447960979406,0.07961886091476986,0.0790556186950242,0.09296250600497073,0.08832687690165524,0.11277029524292886,0.031356237840612596,0.06553516373549124,0.004294857685837647,0.1861005502667498,"(-0.2,0.2]",Q2,0.0,False
97,19,TUMBLE,True,True,0.042467386266295606,0.11044380842225042,-0.06797642215595481,-0.04735992293229953,-0.05423208934018463,-0.049961935667257026,-0.002607227810940489,0.04894689435554338,0.002395798467052724,0.13769434082239784,"(-0.2,0.2]",Q1,0.0,True
98,0,TUMBLE,True,False,,,,,,,,,,,,,0.0,False
98,1,TUMBLE,True,True,0.27208956176962384,0.27208956176962384,0.0,,,,-0.13430643636453188,0.06715321818226591,0.004509554712235009,0.13430643636453182,,Q2,1.0,True
99,0,TUMBLE,True,False,,,,,,,,,,,,,0.0,False
99,1,TUMBLE,True,True,0.16146232129001842,0.16146232129001842,0.0,,,,0.38413947481218536,0.1920697374060927,0.03689078402724541,0.3841394748121854,,Q4,0.0,False
99,2,TUMBLE,True,True,0.1497857077630752,0.16146232129001842,-0.011676613526943214,0.1803931238791495,,,0.1862314306426211,0.17839658144744966,0.03182534027213654,0.3841394748121854,,Q4,0.0,False
99,3,RUN,True,True,-0.004743458678196068,0.16146232129001842,-0.16620577996821448,-0.16036747320474287,-0.03426708385517161,,0.06421244710049699,0.15520687452023718,0.02408917389834065,0.3841394748121854,"(-0.2,0.2]",Q4,0.0,False
99,4,RUN,True,True,0.11019533219196617,0.16146232129001842,-0.051266989098052246,0.0376742076495266,0.008027142067000323,0.08923847797878354,0.0499539191460052,0.14333701570420565,0.020545500070987696,0.3841394748121854,"(-0.2,0.2]",Q4,0.0,False
99,5,TUMBLE,True,True,0.031601237606450644,0.1497857077630752,-0.11818447015662456,-0.02112469915043441,-0.0534779561524978,-0.07257373803526529,-0.029931254293824462,0.0655365651307675,0.0042950413691393305,0.16620577996821448,"(-0.2,0.2]",Q2,0.0,False
99,6,TUMBLE,True,True,-0.04384951171160425,-0.004743458678196068,-0.03910605303340818,-0.11474779661081266,-0.08953388208501117,-0.11555921643242825,-0.03509257426647122,0.07171321649858499,0.005142785420572922,0.19363521947467946,"(-0.2,0.2]",Q2,0.0,False
99,7,TUMBLE,True,True,0.22296305030216326,0.11019533219196617,0.11276771811019709,0.22908718735474007,0.1903140309398924,0.19966215045000912,0.030136817405714816,0.09466486281077283,0.00896143625098244,0.2668125620137675,"(-0.2,0.2]",Q3,0.0,False
99,8,RUN,True,True,0.004576421560280832,0.031601237606450644,-0.02702481604616981,-0.08498034773499867,-0.06566183717205572,-0.07565110553696312,-0.0019876008567658054,0.09339121835714959,0.008721919666232794,0.2668125620137675,"(-0.2,0.2]",Q2,0.0,False
99,9,TUMBLE,True,True,-0.0792644146802528,-0.04384951171160425,-0.035414902968648555,-0.19303415061147483,-0.1404944013971994,-0.13308721411957541,-0.01733053713015218,0.10510668258649727,0.01104741472433869,0.30222746498241604,"(-0.2,0.2]",Q3,0.0,False
99,10,TUMBLE,True,True,0.029401357133605664,0.22296305030216326,-0.1935616931685576,0.06674535369359165,-0.020023661927124764,0.0032949707659589086,-0.015572572729199607,0.10509196389397527,0.0110443208750926,0.30222746498241604,"(-0.2,0.2]",Q3,0.0,False
99,11,RUN,True,True,-0.0022198162482548363,0.004576421560280832,-0.006796237808535668,0.022711712525068734,0.012875729080533933,-0.04663891982720407,-0.04255407975275114,0.100726041015551,0.01014573533866646,0.30222746498241604,"(-0.2,0.2]",Q3,0.0,False
99,12,TUMBLE,True,True,0.15884766165951747,-0.0792644146802528,0.23811207633977027,0.14525689121684204,0.17620861959115147,0.17072427471817275,0.03855870786304712,0.07736454625451006,0.005985273017166226,0.23811207633977027,"(-0.2,0.2]",Q2,0.0,False
99,13,RUN,True,True,-0.15922651695819556,0.029401357133605664,-0.18862787409180123,-0.23754043966382687,-0.22123625113981832,-0.18591771392434944,-0.0030477900029973574,0.10694618416148784,0.011437486306702872,0.31807417861771303,"(-1,-0.2]",Q3,0.0,False
99,14,TUMBLE,True,True,-0.0014289300536658531,-0.0022198162482548363,0.0007908861945889831,-0.0012395024043268064,-0.0005627062046882064,-0.008129601450334036,-0.021866727508448376,0.1013196003248507,0.010265661409987486,0.31807417861771303,"(-0.2,0.2]",Q3,0.0,False
99,15,RUN,True,True,0.11839857928024007,0.15884766165951747,-0.0404490823792774,0.19872630278617076,0.11900117439768805,0.11940547968038977,0.008096019934380654,0.11135053858074442,0.012398942442221852,0.31807417861771303,"(-0.2,0.2]",Q3,0.0,False
99,16,TUMBLE,True,True,-0.08454918083384531,-0.15922651695819556,0.07467733612435025,-0.1430340054471324,-0.0704635582566382,-0.11369687931581934,-0.020916858874829008,0.11962370979011906,0.014309831943950628,0.31807417861771303,"(-0.2,0.2]",Q4,0.0,False
99,17,RUN,True,True,-0.17607181821251658,-0.0014289300536658531,-0.17464288815885073,-0.19299651743571394,-0.18687864101009288,-0.14437030607114992,-0.011681085328882125,0.10878988724220236,0.011835239566171104,0.29447039749275666,"(-0.2,0.2]",Q3,0.0,False
99,18,TUMBLE,True,True,0.0025496040938591744,0.11839857928024007,-0.1158489751863809,0.13286010361704012,0.04995707734923312,0.03846244154880609,-0.028651332919770654,0.09817807750884902,0.009638934903333566,0.29447039749275666,"(-0.2,0.2]",Q3,0.0,False
99,19,RUN,True,True,-0.048054708331928715,-0.08454918083384531,0.0364944725019166,0.038706398727399983,0.037969089985572184,-0.013136504413863055,-0.024580779029663328,0.09740174900284734,0.009487100708813673,0.29447039749275666,"(-0.2,0.2]",Q3,0.0,True
